pm25,pm10,o3,no2,so2
8.15,99.63,7.79,7.2,0.0
6.55,103.24,7.07,7.32,0.0
10.45,105.75,9.63,7.12,4.98
11.54,112.08,26.66,7.26,1.3
8.9,117.49,21.41,7.26,0.0
9.95,116.91,13.07,7.34,0.0
9.27,104.2,7.76,7.28,0.0
7.84,94.37,18.71,7.21,0.0
7.11,86.87,8.32,7.08,2.06
6.01,85.32,8.88,7.29,0.5
4.85,88.3,8.26,7.4,0.0
3.68,86.61,10.87,7.16,0.0
3.6,84.46,27.96,7.33,0.0
3.95,88.49,33.27,7.18,0.0
5.98,91.11,9.7,6.98,3.39
6.68,93.65,12.3,7.02,3.27
5.96,96.72,10.13,6.75,5.16
5.6,101.49,17.55,6.98,0.0
6.08,109.81,7.73,7.08,0.0
6.49,122.65,7.58,7.11,2.3
6.46,133.58,9.24,7.17,2.57
5.25,142.98,10.53,6.89,3.31
4.19,142.51,6.42,6.94,2.18
3.57,145.51,10.64,7.12,0.0
9.18,147.75,24.22,7.2,0.0
14.95,129.57,5.73,7.06,2.86
12.01,112.28,11.08,7.07,0.0
10.23,102.61,30.41,6.97,0.0
8.68,93.47,7.77,6.89,4.38
6.7,84.42,13.24,7.04,5.17
5.76,73.59,8.5,7.13,3.54
5.05,65.61,4.68,7.09,2.53
4.79,62.91,12.22,7.03,0.0
4.67,59.35,29.36,7.14,0.0
4.59,70.68,7.4,6.97,4.22
6.17,84.11,13.24,6.8,7.06
11.16,81.63,14.74,6.6,12.22
11.93,80.16,19.85,6.55,9.66
9.16,86.02,18.87,6.67,0.0
6.85,104.59,19.07,6.84,0.0
4.99,133.27,14.52,6.71,5.73
5.15,153.27,17.79,6.65,9.02
6.77,156.26,13.46,6.7,12.66
9.5,157.89,17.98,6.84,9.87
10.06,159.15,16.45,6.97,0.0
9.56,161.42,11.27,7.06,0.0
9.28,166.08,10.05,6.74,6.04
8.28,161.49,23.15,6.7,7.01
9.67,165.09,12.93,6.6,10.45
12.3,169.11,13.62,6.57,8.17
14.77,165.05,18.86,7.01,0.0
13.88,166.59,11.4,6.84,0.0
8.29,72.58,8.85,6.53,17.54
7.38,65.59,8.77,6.61,16.92
6.11,54.41,6.84,6.57,4.52
4.75,57.51,18.46,6.17,5.52
4.78,53.42,14.77,6.46,6.63
5.56,47.84,18.59,6.39,9.13
6.39,40.31,12.39,6.47,1.43
7.11,32.08,7.51,6.42,0.12
9.6,34.09,9.26,6.28,1.14
9.32,36.64,11.89,6.43,4.82
10.67,49.8,16.87,6.42,5.78
11.08,63.84,16.58,6.32,9.76
9.51,72.16,9.0,6.71,1.28
9.19,79.91,23.06,6.64,0.27
11.16,84.84,19.17,6.19,3.6
11.75,77.75,20.7,6.14,8.34
10.74,69.64,19.54,6.25,10.01
8.73,63.64,20.61,5.7,16.32
7.9,62.2,21.22,6.24,14.55
7.72,61.09,10.71,6.4,1.84
8.63,57.36,11.35,6.18,4.22
9.24,57.88,15.6,6.31,6.98
8.69,56.96,14.49,6.24,7.18
7.29,57.46,22.36,6.14,10.01
6.06,48.26,12.05,6.52,1.94
5.95,39.92,6.46,6.58,0.26
12.45,38.71,5.17,6.4,3.49
14.85,33.93,15.87,6.2,6.12
12.67,31.42,13.25,6.13,8.18
11.4,33.61,23.05,6.03,11.38
9.41,34.51,11.72,6.38,2.67
7.55,37.09,9.12,6.44,0.68
10.64,42.02,10.85,6.3,1.78
11.72,43.86,7.6,6.29,5.15
9.79,50.65,13.53,6.39,7.08
9.6,62.37,18.85,6.22,11.22
8.47,71.27,10.82,6.47,4.43
7.56,81.69,32.49,6.51,1.42
13.49,84.21,23.4,6.19,7.86
15.11,75.93,32.78,6.05,12.23
12.14,68.26,40.32,6.14,8.58
10.41,57.53,41.46,5.66,19.13
8.36,54.05,42.59,5.93,26.46
6.32,53.88,21.27,5.94,15.23
7.56,52.52,15.26,6.12,8.99
8.03,52.46,28.92,6.27,10.45
6.71,55.03,16.95,6.2,9.55
6.28,52.94,19.21,5.99,14.34
6.45,55.67,23.57,6.38,13.02
5.66,58.88,13.76,6.49,1.54
7.79,44.57,23.61,6.64,4.91
8.54,68.73,13.25,6.71,0.44
7.55,62.87,25.45,6.71,0.0
6.9,67.27,14.7,6.32,2.54
6.39,61.01,20.57,6.23,11.94
6.33,59.15,23.25,6.18,13.61
6.02,60.35,18.91,5.97,15.59
5.19,61.82,16.96,5.76,24.58
5.22,58.29,18.75,6.06,17.55
6.02,59.07,17.77,6.4,13.72
7.5,61.51,29.58,6.25,15.96
7.85,57.13,24.52,6.48,5.2
6.5,54.0,12.51,6.38,0.72
5.76,57.9,12.42,6.43,2.32
6.04,63.44,13.65,6.08,9.59
5.3,64.97,11.65,6.38,2.19
5.45,61.69,22.87,6.28,2.16
5.44,56.18,10.34,6.75,0.0
4.45,49.45,5.32,6.74,0.0
5.05,42.41,9.14,6.45,0.0
5.25,36.53,18.51,6.43,0.0
4.63,36.02,11.9,6.4,0.0
8.18,35.3,20.74,6.43,0.48
9.54,31.84,16.67,6.75,0.0
8.14,30.78,34.39,6.77,0.0
7.58,28.81,13.46,6.6,0.0
6.8,31.07,22.64,6.39,0.0
6.9,39.92,13.56,6.35,0.01
7.27,42.14,21.42,6.27,0.72
6.99,43.45,13.75,6.37,0.0
6.74,44.72,17.37,6.41,0.0
7.21,45.88,17.0,6.37,0.0
7.68,51.68,8.72,6.5,0.0
11.15,51.4,9.06,6.43,0.0
11.29,47.68,9.08,6.19,0.0
9.09,46.31,16.9,6.7,0.0
7.64,45.64,13.04,6.77,0.0
6.14,44.59,10.41,6.69,0.0
7.43,14.71,9.91,6.73,0.11
7.65,16.69,8.72,7.03,0.01
7.74,16.21,8.19,6.77,0.03
7.45,21.36,7.78,6.57,1.79
6.23,27.73,21.59,6.91,0.06
5.62,23.77,14.48,6.77,0.0
5.32,30.06,10.69,6.59,0.05
5.99,32.75,4.26,6.88,0.57
9.98,36.77,0.14,6.75,0.74
10.7,44.63,6.7,6.86,1.76
9.4,42.48,16.59,7.2,0.0
8.93,36.71,8.21,7.26,0.0
8.79,36.64,7.7,7.0,0.11
8.71,35.93,10.25,6.9,1.59
8.1,31.28,4.36,7.05,0.16
8.25,32.21,8.43,6.75,0.09
7.95,30.56,15.88,7.05,0.0
6.93,26.02,9.52,7.06,0.0
8.73,22.41,4.08,7.04,0.0
9.96,20.45,2.07,6.99,1.16
8.16,19.42,1.32,7.17,0.05
7.12,20.58,9.57,7.19,0.01
6.63,22.12,14.29,7.33,0.0
6.87,25.35,10.88,7.46,0.0
9.36,30.49,12.84,7.22,0.0
10.49,32.34,10.92,7.06,1.22
9.29,38.07,14.18,6.91,5.05
10.75,35.89,18.53,6.66,10.63
10.63,30.66,17.3,6.97,2.37
8.86,27.11,22.99,7.03,0.0
7.72,27.74,8.87,6.97,0.05
7.08,32.84,6.32,6.98,2.04
5.79,40.94,7.87,6.93,4.6
6.29,50.23,15.83,6.95,8.14
6.4,51.09,21.33,7.33,1.16
6.39,53.25,11.7,7.56,0.0
6.2,57.72,6.34,7.31,0.0
4.87,69.51,6.29,7.1,1.0
9.08,91.49,1.9,7.17,3.17
12.01,135.79,7.2,6.98,5.41
10.08,173.12,22.21,7.2,0.61
10.09,180.34,11.46,7.32,0.0
10.46,170.05,7.08,7.12,0.0
9.94,160.63,7.11,7.02,0.97
9.68,167.69,3.57,7.0,1.5
8.64,175.59,6.64,7.02,4.71
9.3,166.19,21.42,7.47,0.54
12.43,144.08,14.96,7.56,0.0
12.5,116.7,8.67,7.34,0.11
9.79,81.73,11.74,7.03,4.24
9.0,56.88,12.63,6.73,10.37
8.79,52.47,17.9,6.87,13.83
8.63,45.4,17.0,6.97,6.59
7.81,40.71,27.77,7.14,0.09
6.72,44.03,17.18,6.95,1.46
6.23,46.19,8.88,6.62,7.18
9.76,47.66,10.15,6.7,11.29
10.77,50.97,16.83,6.58,12.98
8.73,56.3,14.53,7.32,3.94
8.37,64.54,25.12,7.25,0.0
7.19,70.54,19.33,7.2,0.02
6.91,68.81,3.04,7.02,2.94
6.36,65.81,17.97,7.06,4.84
5.55,61.58,19.06,6.71,7.34
5.24,60.29,5.97,6.93,1.46
5.04,50.06,4.67,7.45,0.0
4.2,37.96,10.96,7.09,0.0
3.43,37.14,14.9,7.25,0.0
3.48,43.91,7.89,7.19,0.04
4.37,51.31,9.47,6.94,2.72
5.42,52.37,16.5,7.19,0.67
6.16,45.7,12.17,7.45,0.0
6.72,39.2,11.68,7.24,0.0
6.39,42.65,14.14,7.05,0.96
8.72,52.38,14.47,6.87,5.09
10.36,50.2,16.48,6.44,10.64
9.77,42.48,25.35,6.44,19.54
8.75,37.84,17.73,6.63,7.58
7.13,29.43,21.5,6.59,2.48
6.98,24.88,10.84,6.55,6.4
7.39,26.1,9.46,6.71,7.23
6.99,38.58,20.08,6.67,8.75
6.73,51.95,11.68,7.08,1.9
6.43,64.5,18.24,7.24,0.0
6.67,71.69,21.76,7.09,0.0
6.84,81.3,4.24,6.93,0.09
6.7,80.76,11.2,6.79,5.11
5.79,69.73,17.3,6.79,6.71
4.66,66.97,15.96,7.1,1.05
5.14,58.5,12.74,7.32,0.0
4.91,54.64,9.21,7.16,0.0
4.14,56.75,8.89,7.15,0.0
4.97,59.38,0.17,7.14,0.0
8.08,62.24,3.1,7.13,0.0
8.42,67.79,17.86,7.13,0.0
9.67,69.49,14.78,7.28,0.0
12.16,70.23,14.53,6.91,0.0
11.49,73.83,19.23,7.0,3.44
11.7,70.78,23.13,6.61,8.9
13.25,64.34,29.4,6.39,14.41
13.2,58.0,26.06,5.94,24.62
12.1,51.59,29.56,6.47,16.05
11.1,45.56,27.73,6.47,8.99
10.57,41.45,24.65,6.44,10.3
10.32,38.95,21.38,6.71,8.24
9.44,42.65,24.4,6.63,9.29
8.75,45.34,21.71,6.81,3.75
8.48,47.16,24.49,6.91,0.0
7.69,47.99,32.83,6.82,0.0
6.18,40.61,9.26,6.72,1.02
11.17,39.55,17.04,6.62,4.56
14.22,45.37,13.69,6.41,6.13
11.97,46.09,8.79,6.72,1.98
9.46,40.93,6.77,6.95,0.0
8.14,39.09,6.29,6.93,0.0
7.25,46.46,9.03,6.79,0.0
7.47,52.47,9.13,6.81,0.01
10.55,51.96,18.97,6.42,2.25
11.79,55.26,16.87,6.73,0.83
11.17,63.74,48.73,6.86,0.0
10.72,66.63,21.78,6.49,0.0
9.32,65.23,17.01,6.43,2.44
8.92,62.89,31.63,6.24,7.52
7.72,57.41,33.37,6.26,11.65
9.0,49.21,29.29,5.76,23.41
10.38,38.34,37.03,6.16,17.2
9.87,30.26,28.5,6.03,11.22
8.71,28.62,32.78,5.92,14.91
7.18,32.47,24.24,6.47,11.31
7.77,38.96,25.39,6.52,8.79
8.61,41.53,27.9,6.46,4.52
7.29,36.84,14.66,6.7,0.0
5.84,33.42,34.27,6.68,0.0
5.91,36.71,34.63,6.54,1.3
7.15,37.02,74.84,6.53,0.79
8.28,38.85,49.68,6.56,1.16
7.34,40.8,16.41,6.82,0.94
6.21,40.92,41.34,6.59,0.0
6.23,44.88,28.93,6.64,0.0
6.08,44.08,17.25,6.49,0.0
7.75,39.08,22.02,6.37,0.12
8.47,39.02,20.39,6.48,0.85
6.97,45.9,22.67,6.44,0.97
8.85,53.19,37.68,6.51,0.0
9.59,52.53,24.97,6.3,0.0
8.85,49.63,28.22,6.23,0.0
10.59,49.07,21.21,6.47,0.02
9.96,43.71,24.38,6.51,1.08
9.25,44.24,31.29,5.87,8.89
8.07,51.92,22.61,6.17,1.72
6.73,47.88,31.63,6.11,0.0
5.74,40.88,21.4,5.94,1.7
4.79,41.91,24.39,6.26,3.28
5.6,44.65,21.19,6.33,1.71
7.02,43.36,27.77,6.26,1.2
7.99,41.12,29.61,6.51,0.0
7.93,36.55,32.02,6.47,0.0
6.52,34.91,17.62,6.25,0.03
6.05,37.45,17.56,6.38,1.2
5.7,31.93,22.05,6.42,1.11
4.67,31.35,22.81,6.49,1.04
4.87,38.6,25.06,6.48,0.0
5.26,39.44,29.41,6.35,0.0
5.88,35.55,13.74,6.38,0.0
5.97,33.32,14.39,6.25,0.03
5.08,31.81,9.26,6.42,0.35
4.65,33.06,10.42,6.76,0.67
4.15,39.26,19.41,6.78,0.0
4.22,46.59,22.6,6.65,0.0
4.87,50.61,8.84,6.27,0.0
12.18,56.66,16.99,6.21,0.33
15.96,57.73,21.41,6.27,1.05
13.71,49.09,35.07,5.8,10.21
10.69,51.0,19.26,5.67,14.8
8.71,55.78,21.66,6.18,5.67
7.32,53.45,18.19,6.15,3.99
13.02,61.84,28.5,6.11,7.58
16.31,85.78,12.23,6.75,0.08
13.12,97.65,22.19,6.54,0.0
11.66,95.41,25.29,6.42,0.0
10.33,102.34,59.14,6.28,0.1
8.94,110.18,39.42,6.43,0.26
13.43,109.63,9.32,6.52,0.05
15.62,109.97,38.42,6.83,0.0
12.89,104.86,21.92,6.76,0.0
11.31,100.04,20.25,6.5,0.0
9.61,98.99,60.24,6.31,0.63
8.05,102.25,37.93,6.25,1.1
7.87,106.38,10.29,6.44,0.17
8.31,101.9,41.51,6.74,0.0
8.43,97.56,19.05,6.86,0.0
8.15,96.17,12.94,6.48,0.0
7.19,93.93,9.18,6.56,0.0
7.07,90.87,17.15,6.32,1.44
9.13,87.36,15.58,6.26,0.0
8.77,78.04,21.33,6.55,0.0
9.46,60.37,19.76,5.94,0.27
9.04,46.25,23.85,6.32,2.82
6.89,42.78,13.08,6.07,3.96
5.17,48.15,12.75,6.06,8.33
4.2,54.04,17.13,6.33,0.23
4.45,59.66,16.5,6.43,0.0
5.31,57.8,12.75,6.27,0.0
5.88,56.84,11.31,6.43,0.15
6.08,60.75,7.58,6.32,0.34
9.41,58.41,12.3,6.35,0.0
10.91,57.82,10.86,6.63,0.0
10.01,58.95,14.0,6.5,0.0
9.73,66.17,11.7,6.3,0.0
9.24,76.15,13.61,6.19,0.0
7.52,76.67,17.58,6.32,0.0
7.1,73.28,19.79,6.16,0.0
7.0,67.53,23.38,6.5,0.0
9.18,63.21,23.13,6.49,0.0
8.13,64.69,7.95,6.66,0.0
11.94,61.58,20.54,6.24,0.0
20.16,57.66,19.39,5.54,8.45
20.19,53.48,17.44,5.48,5.44
15.55,49.27,24.58,5.65,2.98
12.54,42.91,29.88,5.49,13.21
9.39,47.15,22.09,6.0,4.83
7.78,46.72,23.22,5.97,0.68
6.6,40.35,20.38,5.5,6.12
6.4,39.02,21.89,5.95,0.08
6.95,41.21,25.29,6.13,0.0
6.59,45.08,15.93,6.13,0.0
5.32,45.23,16.3,6.17,0.0
3.89,45.22,14.02,6.1,0.0
4.29,43.11,17.59,5.87,0.53
5.15,41.51,11.4,5.97,0.0
4.46,41.34,22.68,5.94,0.0
3.87,41.81,16.98,6.02,0.0
4.21,43.51,10.33,5.96,0.02
4.21,44.46,10.08,5.88,0.06
4.2,43.6,21.01,6.02,0.33
4.49,47.43,7.59,6.29,0.0
5.71,55.84,16.06,6.31,0.0
5.44,56.17,11.09,6.03,0.0
5.47,55.39,13.78,6.06,0.75
5.35,56.88,18.35,5.74,3.21
5.18,55.12,20.25,5.61,11.7
6.14,53.17,31.3,5.72,6.84
6.86,53.4,25.06,5.5,4.79
6.95,54.94,28.98,5.13,18.48
6.85,53.63,23.34,5.48,13.89
7.0,51.9,28.92,5.87,5.02
9.68,51.23,22.62,5.51,12.25
10.5,49.17,30.85,5.93,3.58
9.95,46.63,20.56,5.76,0.0
10.01,41.33,24.18,5.78,1.56
8.33,42.18,18.36,5.89,4.27
6.71,45.75,13.84,6.13,4.41
18.3,42.59,35.2,5.7,6.17
23.41,38.18,14.89,5.83,0.11
17.62,35.87,9.09,6.39,0.0
12.87,37.52,9.88,6.11,0.0
9.44,38.81,12.7,6.04,0.0
8.51,40.83,11.45,5.89,0.0
16.18,46.16,29.54,5.74,1.02
18.25,50.9,16.41,6.11,0.0
14.47,62.56,12.59,6.14,0.0
16.54,74.12,17.16,5.92,0.0
17.1,71.84,16.21,5.85,0.21
13.36,64.75,22.09,5.92,0.26
18.91,61.63,22.9,5.23,12.3
20.96,57.02,22.14,5.04,19.64
13.39,42.57,21.76,5.6,9.77
10.09,46.44,27.17,5.41,2.29
8.05,51.14,21.28,5.44,8.06
6.09,51.09,16.9,5.49,0.13
4.56,49.87,25.37,5.73,0.21
5.79,51.4,21.86,5.46,9.61
7.49,50.26,18.93,5.6,10.06
7.77,50.5,38.57,5.98,0.03
7.17,51.44,35.21,6.2,0.0
5.89,45.89,24.56,5.9,3.83
5.35,43.37,25.64,5.77,3.47
6.39,45.9,19.6,5.71,5.26
6.47,45.3,33.86,5.77,3.58
6.57,48.21,26.43,5.88,0.0
6.99,50.83,24.48,5.58,0.0
5.9,55.63,14.47,5.7,1.02
6.0,61.78,18.15,5.81,2.17
5.91,63.75,17.34,5.57,4.74
5.52,67.64,29.9,5.56,4.14
5.24,73.08,12.92,5.61,0.0
4.71,74.88,16.35,5.55,1.35
5.15,74.54,31.45,5.51,1.75
4.81,77.22,40.05,5.55,1.44
4.8,69.5,30.59,5.07,7.34
5.85,61.17,35.2,5.18,10.75
5.94,63.43,51.35,5.71,0.48
5.83,67.66,23.92,5.48,0.79
6.27,69.37,26.27,5.64,3.07
6.02,63.86,27.11,5.69,5.31
4.81,61.02,21.36,5.53,8.17
3.78,63.16,32.72,5.41,5.22
4.54,64.92,15.3,6.0,0.0
6.13,63.79,21.38,5.78,0.0
7.55,57.72,22.38,5.86,2.5
7.62,53.66,23.51,5.93,2.28
11.57,53.52,16.9,5.51,5.27
12.86,49.44,38.61,5.66,2.95
11.11,47.3,12.76,5.84,0.0
9.96,50.61,11.42,5.7,0.0
9.44,56.36,9.21,5.77,0.38
7.85,62.99,12.22,5.84,1.38
6.84,68.56,13.14,5.55,4.76
7.48,74.89,36.46,5.81,3.42
7.45,74.43,11.16,5.96,0.0
6.32,71.38,17.92,5.44,3.64
16.71,73.91,18.27,5.12,22.5
21.42,74.39,16.15,5.35,19.67
17.35,69.18,38.75,5.07,21.44
14.12,64.66,34.28,5.03,30.64
11.93,60.78,34.15,5.44,14.97
10.39,58.79,21.91,5.35,9.9
8.64,58.73,14.49,5.59,10.69
6.56,60.22,12.7,5.82,3.05
5.69,61.6,12.4,5.55,7.88
5.3,58.24,25.56,5.64,7.67
4.8,57.69,37.97,5.91,0.0
3.9,55.54,18.33,5.75,1.12
3.32,48.59,13.92,5.77,0.0
4.52,44.92,12.11,5.77,0.07
5.41,44.57,12.71,5.53,1.6
5.92,46.62,34.22,5.66,1.69
6.48,47.7,18.35,5.95,0.0
5.96,44.42,7.56,5.78,0.0
6.37,39.37,12.14,6.02,0.0
6.09,35.61,10.93,6.16,0.0
6.26,39.17,13.77,5.84,0.75
6.61,48.81,33.01,6.02,0.95
6.7,48.97,7.36,6.07,0.0
5.81,47.36,15.46,5.95,0.0
6.19,47.87,16.98,6.01,0.0
8.46,49.3,15.94,5.97,0.0
9.25,49.65,11.87,5.51,2.62
7.9,45.17,28.18,5.33,5.27
5.99,42.88,30.19,5.62,0.0
5.02,42.47,8.62,5.38,0.53
4.62,36.81,8.67,5.69,3.03
4.47,31.91,14.0,5.99,0.01
4.8,32.87,10.12,5.76,1.49
4.28,28.04,31.1,5.78,1.54
3.21,24.6,9.79,6.19,0.0
3.8,27.34,14.27,6.15,0.0
5.24,27.54,8.93,6.01,2.87
5.93,29.09,15.2,6.18,2.14
7.06,31.18,23.65,5.93,3.19
8.22,30.99,20.6,6.32,0.16
8.51,32.12,8.57,6.47,0.0
7.39,31.76,11.92,6.26,0.0
6.27,37.28,7.26,6.17,0.17
6.76,46.33,9.29,6.25,0.74
6.68,49.78,23.72,6.06,2.82
7.15,53.36,11.35,6.51,0.18
6.89,55.37,3.9,6.59,0.0
7.07,52.5,7.73,6.6,0.0
7.87,49.56,7.95,6.2,0.0
7.15,41.97,10.05,6.32,0.0
6.37,37.57,23.94,6.15,0.47
6.85,33.93,17.87,6.46,0.0
6.68,33.04,7.84,6.57,0.0
6.38,33.89,10.51,6.45,0.0
8.47,33.06,7.63,6.31,0.0
8.88,38.34,17.52,6.3,0.0
6.88,37.44,29.67,6.33,0.0
5.52,33.72,15.77,6.76,0.0
4.88,30.94,21.34,6.69,0.0
5.29,24.58,18.85,6.75,0.0
6.39,18.63,6.34,6.56,3.96
6.98,17.49,4.22,6.68,4.28
5.95,19.29,12.16,6.5,5.69
5.54,17.16,15.11,6.65,0.23
5.05,13.59,20.77,6.81,0.0
4.18,11.8,17.89,6.81,0.0
4.69,9.61,7.08,6.71,0.63
5.29,7.69,5.52,6.74,1.73
5.4,8.25,8.96,6.75,3.14
5.27,9.08,16.6,7.14,0.01
6.08,8.76,17.05,7.11,0.0
6.65,8.47,5.37,6.92,0.0
7.19,9.64,15.43,6.8,0.08
7.71,10.15,22.01,6.92,0.08
8.38,13.39,21.67,6.88,0.52
8.79,14.74,16.91,6.86,0.0
8.61,10.6,16.29,7.2,0.0
7.41,8.34,4.34,6.94,0.0
6.75,8.5,8.96,6.85,0.02
6.35,8.19,4.1,6.73,0.0
5.3,6.47,6.05,6.83,0.0
5.81,4.97,18.55,7.14,0.0
6.67,3.57,11.39,7.13,0.0
7.13,2.74,7.96,7.06,0.0
7.09,3.12,9.14,6.88,2.54
5.92,7.14,4.7,6.76,0.48
4.39,8.98,6.48,6.87,0.09
4.84,6.54,22.56,6.99,0.0
6.03,4.87,11.83,7.14,0.0
7.15,7.54,8.53,7.0,0.0
6.68,9.05,7.47,6.65,0.76
5.5,11.34,5.24,6.88,0.04
4.52,13.49,4.92,6.91,0.02
4.3,10.21,21.34,7.22,0.0
5.04,7.22,8.44,7.15,0.0
6.01,5.42,8.13,7.11,0.0
7.32,6.07,13.54,6.73,1.3
7.16,8.83,10.1,6.82,1.91
6.45,8.86,27.06,6.63,2.64
6.43,6.84,17.81,6.93,0.24
5.67,5.97,14.79,7.03,0.0
5.16,6.59,7.12,6.94,0.0
4.69,14.21,7.64,6.66,1.36
5.5,19.39,5.78,6.79,1.46
6.16,20.42,7.62,6.64,1.6
6.37,19.25,14.97,6.99,0.1
5.67,17.89,10.97,6.95,0.0
5.39,19.0,7.91,7.0,0.0
5.74,21.91,7.32,6.67,4.8
5.31,23.35,4.82,6.86,3.43
4.8,31.63,4.9,6.6,2.72
4.17,41.72,17.31,6.96,0.3
3.7,36.14,12.27,7.07,0.0
4.46,27.46,8.0,7.08,0.0
5.36,21.49,9.25,6.75,2.47
5.62,19.29,11.51,6.84,3.5
6.53,19.57,12.84,7.05,3.3
7.8,17.57,16.28,7.17,0.52
8.43,15.06,8.85,7.07,0.0
8.94,16.2,7.13,7.04,0.01
8.98,21.29,8.16,6.76,4.07
7.51,23.71,10.67,6.71,6.5
7.02,23.86,19.03,6.4,9.87
7.03,22.63,14.86,6.85,4.28
6.95,20.35,16.28,6.83,0.0
6.23,21.62,14.32,6.97,0.05
5.69,27.51,12.97,6.71,3.95
6.12,29.71,5.26,6.68,5.34
6.99,31.08,6.02,6.7,6.24
6.68,28.95,16.63,7.05,1.46
5.44,21.2,16.73,7.15,0.0
4.55,18.64,8.65,7.1,0.0
4.02,16.96,6.04,6.94,5.73
3.4,12.98,1.2,6.89,4.48
3.43,9.67,4.4,6.85,3.55
4.57,7.51,19.3,7.21,0.72
5.16,6.02,12.8,7.12,0.0
6.18,6.39,10.52,7.23,0.0
7.0,7.24,8.3,6.88,3.76
6.71,11.4,1.88,6.98,3.64
7.05,14.62,4.92,7.05,2.4
4.84,13.17,10.84,8.83,0.0
9.23,15.78,8.07,7.34,1.06
11.98,15.58,8.71,7.23,7.32
9.47,15.13,23.9,6.9,15.91
7.22,13.31,14.59,6.93,17.71
6.79,13.46,18.31,7.7,22.0
6.83,19.51,12.13,7.91,41.08
7.83,26.9,8.21,6.97,53.19
8.47,30.1,8.62,6.98,57.53
8.1,30.64,8.88,7.12,55.8
8.27,27.29,8.41,6.93,55.09
8.89,23.87,9.24,7.18,50.41
8.65,28.57,10.52,7.15,49.94
8.2,33.13,9.78,6.76,17.5
14.15,33.03,7.24,6.93,17.46
16.03,36.94,6.98,7.06,15.48
12.97,38.38,19.56,6.86,13.32
10.88,39.41,19.5,6.97,6.78
10.28,37.33,7.07,7.03,4.34
10.02,32.36,9.53,6.78,13.62
8.49,34.03,5.88,7.04,17.84
6.58,33.99,1.81,6.79,15.66
6.67,28.06,14.05,6.8,14.33
6.78,23.7,19.43,6.95,6.3
7.0,25.92,8.1,6.93,5.69
7.26,23.89,10.85,6.61,14.73
7.54,20.3,12.74,6.56,19.76
6.97,25.81,9.37,6.37,23.2
5.81,41.45,29.82,6.37,23.91
4.91,44.86,15.0,6.59,10.93
4.38,38.81,16.96,6.84,5.81
8.54,39.85,9.45,6.5,14.14
9.6,44.25,2.97,6.67,18.59
7.32,46.99,14.86,6.56,20.21
6.52,42.91,12.75,6.61,20.03
5.79,40.77,14.6,6.9,7.21
5.31,38.14,8.77,6.91,5.49
4.68,34.58,10.66,6.72,19.3
4.3,33.62,3.8,6.74,20.3
5.48,31.45,2.24,6.66,20.0
6.24,27.14,10.46,6.62,18.95
6.07,25.9,18.21,6.87,7.87
5.72,24.35,7.82,6.93,6.39
12.93,22.07,9.26,6.59,15.93
15.37,19.7,9.78,6.71,22.26
11.19,17.56,14.87,6.75,22.58
8.08,15.78,17.32,6.89,21.83
7.62,11.79,21.07,7.05,12.48
7.93,10.47,22.69,7.4,11.28
7.77,9.59,10.21,6.81,17.14
8.12,9.14,5.14,6.88,21.83
7.89,10.71,40.95,6.73,24.9
7.43,11.12,14.12,6.63,26.48
7.97,9.55,18.75,6.86,13.92
8.19,7.38,21.02,6.99,10.7
15.91,9.93,11.83,6.85,16.76
19.13,11.9,0.95,6.8,21.14
14.4,9.08,5.59,6.71,22.62
11.68,6.87,10.48,6.65,22.22
10.71,8.07,21.53,6.95,11.08
10.23,9.31,8.17,6.98,8.92
10.07,9.06,10.78,6.87,15.81
8.53,9.18,2.99,6.89,17.24
7.75,8.5,0.96,6.75,17.02
7.5,7.55,10.07,6.74,17.03
6.54,8.77,18.98,7.09,8.64
5.12,9.99,11.38,7.15,6.72
4.57,10.76,11.67,6.93,12.97
4.31,12.21,5.62,7.2,16.21
5.29,15.47,2.97,7.24,15.21
5.38,20.2,11.72,7.15,16.58
5.58,19.17,28.81,7.26,9.77
6.15,15.92,13.49,7.18,8.95
6.68,18.04,12.31,6.93,14.82
7.46,17.74,4.75,6.78,20.31
7.1,17.67,16.39,6.72,26.86
5.97,17.63,27.3,6.48,28.66
5.65,12.92,16.8,6.81,15.28
5.7,12.34,23.96,6.9,9.92
6.9,13.74,15.09,6.95,13.95
8.22,17.23,2.46,6.97,18.03
8.58,20.18,2.99,6.98,19.2
8.21,18.81,11.99,6.97,19.2
8.34,25.35,14.1,7.23,8.35
7.72,29.13,7.14,7.27,5.42
11.88,31.41,8.73,6.84,13.73
13.32,36.13,2.82,7.05,16.62
10.52,34.73,2.88,6.99,15.25
8.97,29.72,11.57,6.94,14.02
7.21,25.38,19.35,7.21,6.24
6.27,23.02,6.2,7.14,5.44
6.06,25.02,11.13,6.96,11.15
6.59,27.38,3.75,7.17,16.79
6.71,27.29,1.8,7.15,15.17
6.1,29.33,13.61,7.05,14.07
4.96,26.41,22.81,7.25,7.24
4.32,32.24,9.84,7.17,5.48
9.65,38.2,13.41,6.89,12.7
11.37,39.18,10.51,6.75,21.5
8.6,41.34,10.5,6.68,27.31
7.48,38.85,19.61,6.51,28.08
7.94,38.18,16.26,6.79,14.49
7.29,41.13,22.81,6.83,9.49
7.13,44.98,13.43,6.77,12.49
7.51,51.29,7.8,6.8,19.42
7.87,66.79,8.21,6.7,22.91
8.17,77.87,14.77,6.65,24.54
7.87,78.01,17.6,7.08,10.71
6.93,86.6,12.95,6.87,6.14
8.77,99.46,11.86,6.83,15.33
9.77,98.15,4.36,6.8,19.9
9.18,92.06,9.05,6.73,21.84
8.92,90.0,14.81,6.56,23.58
7.86,84.25,19.26,6.94,13.12
7.64,79.2,18.34,6.98,8.07
8.18,76.69,11.26,6.84,11.98
8.2,73.53,5.77,6.74,19.77
6.82,71.05,9.8,6.76,21.46
6.65,72.9,12.87,6.54,25.53
7.47,73.81,8.59,6.69,17.7
7.69,68.41,11.83,6.59,15.81
8.1,63.37,10.52,6.41,21.13
8.26,63.57,13.82,6.14,30.02
7.93,56.14,22.54,6.01,32.5
7.23,48.0,28.52,6.02,35.14
7.07,45.57,14.45,6.44,23.68
6.8,52.26,7.36,6.47,16.6
7.47,60.72,6.7,6.21,21.26
7.76,63.14,18.55,6.39,29.77
7.25,69.19,11.21,6.02,34.3
8.06,68.79,26.11,5.9,35.2
8.61,69.93,11.7,6.4,21.41
8.91,69.75,23.58,6.47,14.94
8.58,65.18,11.85,6.33,14.31
6.83,60.78,10.29,6.24,20.35
5.2,52.35,14.93,6.12,24.68
4.46,54.25,12.28,6.07,27.5
4.39,65.44,10.48,6.45,12.25
5.19,71.05,20.18,6.51,5.27
5.43,75.19,9.16,6.46,7.02
5.47,73.65,6.88,6.34,17.22
6.27,73.81,20.79,6.15,20.52
6.61,81.72,14.72,6.01,23.47
7.02,82.02,11.1,6.4,11.33
6.54,79.99,16.47,6.54,6.23
10.46,81.93,8.29,6.22,10.49
13.23,84.15,11.57,6.02,21.34
12.51,86.93,9.82,5.85,28.42
11.39,99.2,10.7,5.67,30.53
9.69,110.97,13.54,6.18,18.61
8.84,115.73,15.27,6.1,10.86
12.23,124.14,12.77,6.04,14.5
15.58,129.18,12.06,6.0,24.75
15.14,142.53,9.25,5.92,29.4
12.61,161.36,10.77,5.78,30.37
9.77,163.01,12.79,6.15,17.36
10.04,160.13,25.33,6.2,10.33
18.77,157.15,15.45,6.09,15.24
20.13,157.46,13.6,6.03,22.94
16.14,165.19,7.18,5.83,27.98
13.93,164.49,10.8,5.72,29.02
10.87,156.38,13.57,6.3,15.17
8.5,151.16,7.46,6.12,8.54
16.33,159.79,7.29,6.14,10.75
19.13,166.98,9.05,6.03,20.25
15.18,164.97,7.09,6.04,26.08
13.38,159.94,10.62,5.84,28.86
12.85,142.21,15.61,6.09,17.83
13.08,132.43,24.33,6.17,8.99
12.94,121.66,20.91,5.88,15.83
16.5,107.12,28.55,4.92,48.37
46.22,227.94,8.05,4.61,93.88
39.45,334.01,9.12,5.0,89.4
32.46,311.37,10.99,4.91,87.65
26.94,312.58,20.3,4.71,90.8
20.31,291.74,14.0,5.11,81.69
15.06,221.88,21.76,5.12,69.23
14.02,184.98,14.1,5.06,7.84
13.94,162.07,15.44,4.91,10.42
12.89,133.88,17.13,4.95,11.07
14.49,131.84,26.72,4.92,8.72
15.11,127.74,18.35,5.13,0.1
13.78,126.94,9.54,5.34,0.0
12.5,132.83,12.55,5.05,1.71
12.15,138.04,10.2,5.11,7.2
11.35,142.63,14.15,5.11,8.68
23.3,143.83,32.5,4.82,14.21
26.8,132.28,37.05,5.01,11.84
20.27,120.46,35.9,4.93,11.68
15.98,104.33,34.7,4.33,26.86
11.85,74.91,35.96,4.34,47.16
9.64,64.03,34.0,3.71,67.26
63.53,36.88,38.4,4.97,67.1
51.03,44.55,15.4,4.17,79.54
43.62,75.78,44.76,4.95,27.88
33.47,106.98,18.38,5.12,25.07
24.19,102.15,19.2,4.85,25.09
17.81,76.94,17.25,5.02,24.69
14.17,70.11,21.8,5.12,23.24
12.61,69.99,18.22,5.16,4.01
10.77,63.05,30.48,5.32,0.07
8.73,58.0,22.58,5.31,0.0
8.74,53.3,16.84,5.48,0.0
9.0,53.02,12.54,5.32,0.0
7.78,55.83,16.53,5.56,0.0
7.09,50.71,33.81,5.05,0.0
6.69,47.93,14.28,5.5,0.0
7.32,49.53,15.59,5.47,0.0
7.02,60.69,18.67,6.06,4.16
6.89,59.07,18.55,5.63,8.47
7.85,51.58,18.33,5.35,17.54
12.2,56.91,36.34,5.19,22.02
12.93,54.98,16.86,4.91,18.31
11.13,55.3,21.01,5.47,11.49
11.16,64.58,15.46,5.06,16.18
10.83,72.9,17.74,5.51,22.99
9.64,80.56,16.56,5.2,23.72
8.84,95.67,29.79,4.88,26.77
8.88,105.17,19.11,5.15,21.42
13.42,111.76,10.28,5.53,9.3
13.71,114.79,16.83,5.44,14.19
10.54,108.91,10.69,5.32,19.48
9.21,102.66,15.15,5.3,20.85
11.66,91.15,23.68,5.11,4.56
11.64,84.31,10.3,5.52,0.0
8.93,83.68,16.28,5.56,0.0
8.01,82.25,7.82,5.56,0.0
9.03,74.42,9.6,5.37,0.36
12.7,74.04,9.21,5.32,0.97
14.48,79.21,24.74,5.53,0.92
11.21,78.88,17.16,5.71,0.0
9.46,80.08,5.91,5.43,0.0
7.95,83.14,10.22,7.53,0.23
14.62,87.36,9.15,9.61,1.17
26.45,84.85,21.58,9.86,2.36
27.73,90.19,11.14,9.98,0.0
21.61,96.22,22.83,9.92,0.0
21.25,97.41,7.49,9.58,0.0
19.61,96.58,12.91,9.68,0.72
16.3,103.3,14.21,9.49,2.28
15.2,124.46,22.41,9.43,1.62
21.54,136.63,9.15,10.16,0.0
22.09,139.08,24.49,10.06,0.0
16.41,140.8,6.52,9.77,0.0
13.65,138.34,13.01,9.5,0.46
12.14,132.26,12.79,9.64,2.92
9.57,126.54,18.66,9.32,4.23
7.17,119.95,14.0,9.87,0.0
7.76,109.92,18.84,10.02,0.0
8.03,98.66,9.3,9.84,0.0
9.27,89.38,14.84,9.71,0.0
10.76,88.36,10.27,9.68,0.61
10.46,90.4,12.32,9.46,0.98
9.97,88.07,12.63,10.21,0.0
8.59,87.09,27.65,10.28,0.0
6.47,87.32,7.18,10.19,0.0
5.28,86.87,15.46,10.03,0.0
4.49,86.85,10.6,9.59,0.57
5.69,83.59,21.02,9.93,1.47
7.42,79.37,12.39,10.07,0.0
7.44,72.74,14.09,10.15,0.0
7.02,64.09,7.76,9.87,0.0
5.93,58.39,11.09,9.95,0.01
4.46,54.15,7.67,10.13,1.9
3.76,52.64,11.65,9.38,1.94
3.97,47.11,10.86,10.31,0.0
4.76,51.08,23.05,10.4,0.0
8.82,52.89,7.98,10.15,0.0
9.72,48.03,5.8,10.01,0.0
8.77,46.78,8.68,10.06,0.31
7.9,39.35,13.14,9.84,1.59
9.58,30.61,12.28,10.29,0.0
10.09,23.46,14.04,10.39,0.0
6.42,28.09,9.77,9.98,0.05
14.27,31.17,15.62,9.98,2.66
9.58,21.4,17.59,8.16,0.0
8.84,24.99,19.41,8.09,0.0
7.26,30.16,12.01,8.19,5.93
6.22,36.06,15.12,7.9,14.89
8.71,38.21,11.11,7.8,21.54
6.35,39.1,35.68,8.01,5.12
6.85,40.26,15.1,7.49,21.75
7.45,37.92,9.66,8.09,11.86
8.01,35.27,15.48,8.37,7.44
8.7,32.74,17.89,7.94,13.95
9.87,28.54,18.74,8.13,7.79
10.13,25.91,15.67,8.48,0.41
10.77,24.84,9.0,8.41,3.27
12.18,22.92,14.18,8.34,4.27
12.26,20.4,18.7,8.38,4.81
10.98,17.47,19.87,8.1,6.61
10.69,16.86,40.4,8.51,0.38
9.64,19.06,70.6,8.6,0.0
8.05,19.08,9.34,8.42,2.23
8.45,27.12,8.16,8.42,4.59
9.48,34.05,8.48,8.53,5.94
10.36,32.44,7.9,8.15,12.29
10.58,38.61,22.46,8.04,10.16
10.02,38.56,44.33,8.1,7.42
9.35,33.89,14.62,7.37,19.35
7.63,34.83,21.01,6.97,33.59
6.24,35.7,15.76,7.62,18.04
7.26,29.93,20.84,7.38,21.46
9.02,24.06,18.82,7.69,19.04
8.67,26.48,15.13,8.08,7.0
8.2,26.37,10.6,7.83,12.74
7.67,26.62,22.94,8.05,9.48
7.23,29.28,10.68,8.42,6.76
8.21,34.66,11.27,7.86,14.12
9.57,35.38,19.28,8.04,10.83
10.45,28.07,5.87,8.26,3.5
10.73,26.73,10.98,8.17,6.47
11.4,26.57,25.88,8.39,4.09
10.82,23.5,22.41,8.26,6.28
10.03,25.95,18.31,7.81,11.39
10.29,25.38,13.87,8.11,7.06
10.63,22.7,62.96,8.35,0.57
11.38,27.08,10.4,8.37,2.8
10.48,27.02,9.36,8.38,4.04
10.41,26.94,8.8,8.38,7.69
10.11,32.07,12.09,7.88,15.2
9.13,34.86,18.69,8.05,13.09
8.64,35.35,41.84,8.28,4.25
9.55,34.57,11.84,7.54,16.39
9.39,30.84,17.84,6.47,40.26
9.45,27.65,11.72,6.49,49.56
8.44,27.81,21.52,6.79,48.64
6.18,27.09,12.96,6.99,33.8
6.12,26.3,10.74,6.72,44.15
13.91,27.71,15.24,6.4,58.16
15.99,31.94,15.23,6.96,43.26
11.71,34.32,21.05,7.62,22.74
14.61,30.3,12.58,7.11,27.27
14.94,27.96,11.45,6.81,38.26
11.16,24.73,22.75,7.22,30.51
18.25,21.81,17.84,8.1,12.19
21.48,23.47,11.75,7.35,16.42
17.18,22.36,14.11,7.81,16.04
14.83,17.95,22.58,8.14,7.35
12.4,14.67,13.84,7.57,15.94
10.72,12.02,24.83,7.89,13.74
9.45,11.76,7.81,8.06,5.09
15.18,15.61,9.22,7.62,12.26
18.11,19.6,11.61,7.83,16.93
15.05,18.89,22.54,8.28,6.3
11.66,20.33,15.85,7.82,14.19
9.71,24.55,19.64,7.84,16.26
13.07,26.39,13.77,7.75,14.22
13.64,24.86,13.44,7.4,22.05
11.32,21.73,20.56,6.88,35.27
13.78,8.48,10.95,7.88,12.82
14.45,11.74,3.92,8.22,5.55
12.63,9.12,5.88,8.05,8.03
12.5,7.58,17.42,7.75,23.9
10.64,15.04,6.67,8.02,16.89
9.52,17.52,15.54,8.66,10.29
9.09,13.35,10.06,8.24,5.88
8.0,17.0,30.0,72.0,8.0
9.0,17.0,29.0,90.0,11.0
9.0,18.0,28.0,94.0,9.0
9.0,18.0,27.0,75.0,9.0
8.0,17.0,26.0,73.0,6.0
8.0,18.0,27.0,66.0,7.0
8.0,18.0,26.0,80.0,8.0
8.0,19.0,25.0,96.0,10.0
8.0,20.0,23.0,94.0,11.0
9.0,20.0,21.0,102.0,11.0
9.0,20.0,19.0,99.0,12.0
9.0,20.0,17.0,65.0,10.0
9.0,19.0,18.0,66.0,8.0
8.0,19.0,17.0,62.0,6.0
8.0,19.0,17.0,77.0,7.0
8.0,19.0,17.0,104.0,12.0
9.0,19.0,17.0,117.0,13.0
8.0,18.0,19.0,59.0,10.0
8.0,18.0,22.0,52.0,8.0
8.0,18.0,24.0,34.0,5.0
8.0,18.0,25.0,42.0,3.0
8.0,17.0,27.0,40.0,3.0
7.0,17.0,29.0,53.0,3.0
7.0,16.0,32.0,47.0,3.0
7.0,16.0,34.0,44.0,3.0
7.0,16.0,35.0,35.0,3.0
7.0,17.0,30.0,64.0,6.0
8.0,17.0,22.0,87.0,13.0
8.0,18.0,18.0,103.0,16.0
8.0,18.0,15.0,103.0,16.0
8.0,18.0,15.0,116.0,15.0
8.0,18.0,10.0,108.0,13.0
8.0,18.0,7.0,108.0,11.0
8.0,19.0,7.0,96.0,12.0
8.0,19.0,8.0,100.0,14.0
9.0,20.0,8.0,112.0,15.0
9.0,22.0,9.0,112.0,15.0
10.0,23.0,10.0,72.0,13.0
10.0,25.0,23.0,32.0,5.0
10.0,25.0,32.0,28.0,3.0
10.0,25.0,43.0,18.0,2.0
10.0,25.0,51.0,31.0,3.0
10.0,24.0,50.0,70.0,7.0
10.0,24.0,48.0,62.0,7.0
10.0,23.0,44.0,87.0,9.0
10.0,23.0,42.0,70.0,8.0
10.0,23.0,37.0,64.0,5.0
9.0,24.0,37.0,67.0,7.0
9.0,24.0,30.0,55.0,6.0
9.0,25.0,29.0,50.0,4.0
10.0,26.0,27.0,86.0,6.0
10.0,27.0,25.0,98.0,9.0
10.0,27.0,24.0,104.0,10.0
10.0,26.0,22.0,99.0,11.0
10.0,26.0,21.0,89.0,11.0
10.0,28.0,18.0,85.0,9.0
14.0,31.0,26.0,70.0,7.0
13.0,30.0,23.0,118.0,17.0
13.0,30.0,20.0,110.0,22.0
13.0,30.0,16.0,128.0,22.0
13.0,30.0,12.0,115.0,21.0
13.0,30.0,10.0,99.0,17.0
13.0,30.0,11.0,80.0,16.0
13.0,30.0,12.0,82.0,11.0
11.0,26.0,19.0,100.0,13.0
10.0,25.0,19.0,102.0,13.0
10.0,24.0,18.0,90.0,12.0
10.0,22.0,17.0,95.0,11.0
9.0,21.0,16.0,85.0,11.0
9.0,20.0,15.0,85.0,11.0
9.0,20.0,15.0,56.0,8.0
9.0,20.0,18.0,45.0,7.0
9.0,20.0,20.0,50.0,6.0
9.0,20.0,22.0,49.0,6.0
9.0,20.0,23.0,63.0,7.0
10.0,20.0,23.0,103.0,11.0
10.0,21.0,22.0,125.0,15.0
10.0,21.0,21.0,129.0,17.0
10.0,21.0,20.0,120.0,16.0
9.0,22.0,17.0,128.0,19.0
10.0,21.0,15.0,124.0,19.0
9.0,21.0,13.0,133.0,18.0
9.0,21.0,12.0,112.0,18.0
9.0,20.0,12.0,118.0,17.0
10.0,20.0,12.0,139.0,19.0
10.0,21.0,12.0,96.0,17.0
10.0,22.0,12.0,132.0,19.0
10.0,22.0,11.0,128.0,18.0
11.0,23.0,10.0,117.0,19.0
11.0,24.0,9.0,123.0,19.0
12.0,24.0,8.0,104.0,15.0
12.0,24.0,7.0,96.0,13.0
12.0,25.0,7.0,106.0,13.0
13.0,26.0,6.0,90.0,11.0
14.0,28.0,6.0,71.0,9.0
15.0,29.0,6.0,67.0,7.0
15.0,29.0,6.0,64.0,6.0
16.0,30.0,6.0,54.0,5.0
16.0,30.0,6.0,38.0,2.0
17.0,30.0,6.0,39.0,2.0
17.0,30.0,6.0,43.0,3.0
17.0,30.0,7.0,41.0,2.0
18.0,30.0,8.0,43.0,2.0
18.0,30.0,10.0,37.0,2.0
18.0,30.0,12.0,36.0,2.0
18.0,30.0,14.0,37.0,2.0
19.0,29.0,16.0,33.0,1.0
18.0,29.0,17.0,35.0,1.0
18.0,28.0,19.0,26.0,0.0
18.0,27.0,20.0,26.0,0.0
18.0,26.0,21.0,30.0,1.0
17.0,25.0,22.0,27.0,1.0
17.0,24.0,24.0,24.0,1.0
5.0,16.0,36.0,49.0,3.0
6.0,17.0,28.0,68.0,8.0
7.0,18.0,24.0,91.0,13.0
7.0,18.0,20.0,63.0,12.0
8.0,20.0,12.0,77.0,13.0
9.0,21.0,9.0,82.0,14.0
9.0,21.0,8.0,77.0,13.0
10.0,22.0,7.0,77.0,12.0
11.0,22.0,7.0,71.0,14.0
11.0,23.0,7.0,88.0,13.0
12.0,23.0,7.0,85.0,11.0
13.0,25.0,7.0,53.0,9.0
14.0,26.0,7.0,52.0,8.0
14.0,27.0,7.0,47.0,7.0
15.0,26.0,7.0,49.0,7.0
16.0,26.0,7.0,41.0,5.0
17.0,28.0,7.0,42.0,5.0
18.0,28.0,6.0,37.0,4.0
19.0,29.0,6.0,40.0,3.0
19.0,29.0,6.0,39.0,3.0
20.0,30.0,6.0,56.0,8.0
20.0,30.0,6.0,86.0,15.0
21.0,31.0,6.0,86.0,15.0
22.0,29.0,11.0,128.0,22.0
22.0,29.0,11.0,105.0,21.0
21.0,29.0,11.0,118.0,23.0
21.0,30.0,9.0,118.0,23.0
20.0,30.0,7.0,152.0,26.0
19.0,31.0,6.0,128.0,25.0
18.0,30.0,6.0,152.0,24.0
18.0,30.0,6.0,134.0,25.0
18.0,30.0,5.0,112.0,22.0
18.0,31.0,5.0,109.0,20.0
18.0,32.0,5.0,118.0,20.0
19.0,32.0,4.0,93.0,16.0
19.0,32.0,4.0,76.0,15.0
19.0,33.0,4.0,71.0,11.0
19.0,33.0,4.0,64.0,8.0
19.0,33.0,4.0,55.0,6.0
20.0,34.0,4.0,42.0,5.0
21.0,35.0,4.0,43.0,4.0
22.0,36.0,4.0,50.0,5.0
22.0,36.0,4.0,50.0,7.0
22.0,36.0,4.0,61.0,10.0
23.0,36.0,4.0,66.0,10.0
23.0,35.0,4.0,61.0,10.0
23.0,35.0,4.0,50.0,10.0
22.0,34.0,4.0,67.0,9.0
22.0,33.0,5.0,73.0,9.0
22.0,32.0,5.0,55.0,9.0
23.0,31.0,5.0,67.0,8.0
23.0,31.0,4.0,55.0,9.0
23.0,31.0,4.0,62.0,7.0
22.0,30.0,4.0,75.0,8.0
23.0,29.0,4.0,58.0,8.0
22.0,28.0,4.0,41.0,5.0
21.0,27.0,5.0,39.0,5.0
21.0,27.0,6.0,33.0,5.0
21.0,26.0,7.0,28.0,3.0
22.0,27.0,8.0,28.0,2.0
22.0,26.0,8.0,31.0,3.0
22.0,26.0,9.0,27.0,3.0
22.0,26.0,9.0,29.0,3.0
22.0,26.0,8.0,35.0,5.0
22.0,26.0,8.0,48.0,7.0
22.0,27.0,6.0,121.0,16.0
23.0,28.0,6.0,126.0,18.0
23.0,28.0,6.0,134.0,15.0
24.0,29.0,5.0,114.0,18.0
24.0,30.0,6.0,116.0,18.0
24.0,31.0,6.0,119.0,18.0
24.0,31.0,6.0,137.0,16.0
24.0,31.0,6.0,133.0,16.0
24.0,31.0,7.0,106.0,16.0
24.0,32.0,8.0,100.0,13.0
24.0,32.0,9.0,86.0,11.0
24.0,32.0,10.0,72.0,7.0
24.0,33.0,12.0,80.0,6.0
24.0,33.0,12.0,78.0,6.0
24.0,32.0,13.0,72.0,5.0
24.0,33.0,15.0,48.0,3.0
24.0,32.0,18.0,32.0,3.0
24.0,32.0,20.0,36.0,2.0
23.0,32.0,22.0,32.0,2.0
23.0,32.0,22.0,38.0,2.0
23.0,33.0,22.0,72.0,6.0
23.0,33.0,22.0,73.0,7.0
23.0,33.0,21.0,66.0,7.0
23.0,33.0,19.0,73.0,9.0
23.0,34.0,17.0,70.0,9.0
23.0,34.0,14.0,79.0,10.0
23.0,33.0,12.0,94.0,10.0
23.0,33.0,12.0,87.0,8.0
22.0,32.0,12.0,77.0,7.0
22.0,32.0,13.0,83.0,8.0
22.0,31.0,14.0,90.0,7.0
22.0,31.0,15.0,64.0,6.0
22.0,31.0,16.0,47.0,4.0
22.0,32.0,16.0,51.0,4.0
23.0,32.0,16.0,41.0,3.0
23.0,32.0,17.0,63.0,4.0
23.0,31.0,18.0,51.0,4.0
23.0,32.0,19.0,52.0,3.0
23.0,32.0,19.0,54.0,5.0
24.0,33.0,19.0,41.0,4.0
24.0,33.0,20.0,41.0,4.0
24.0,33.0,21.0,38.0,4.0
24.0,34.0,21.0,25.0,2.0
24.0,34.0,21.0,43.0,3.0
24.0,33.0,21.0,40.0,2.0
24.0,33.0,20.0,53.0,4.0
24.0,33.0,19.0,45.0,4.0
24.0,32.0,19.0,55.0,4.0
23.0,32.0,18.0,54.0,4.0
23.0,32.0,17.0,60.0,7.0
23.0,32.0,15.0,96.0,11.0
24.0,33.0,11.0,126.0,18.0
25.0,34.0,10.0,129.0,18.0
25.0,34.0,9.0,116.0,19.0
26.0,35.0,8.0,103.0,16.0
26.0,35.0,8.0,76.0,12.0
26.0,35.0,7.0,73.0,10.0
26.0,36.0,8.0,64.0,10.0
26.0,36.0,8.0,105.0,11.0
26.0,36.0,9.0,60.0,8.0
26.0,36.0,11.0,35.0,5.0
25.0,35.0,14.0,30.0,5.0
25.0,35.0,18.0,29.0,4.0
23.0,32.0,24.0,118.0,16.0
22.0,32.0,24.0,119.0,17.0
22.0,31.0,22.0,139.0,19.0
21.0,30.0,19.0,148.0,20.0
21.0,30.0,16.0,162.0,22.0
20.0,29.0,10.0,116.0,19.0
18.0,28.0,9.0,131.0,23.0
17.0,26.0,8.0,132.0,20.0
16.0,24.0,8.0,142.0,18.0
15.0,23.0,9.0,114.0,16.0
14.0,22.0,9.0,124.0,18.0
13.0,20.0,9.0,97.0,17.0
12.0,19.0,9.0,79.0,14.0
11.0,18.0,10.0,103.0,18.0
11.0,18.0,10.0,109.0,17.0
11.0,17.0,11.0,59.0,11.0
10.0,17.0,13.0,43.0,8.0
9.0,16.0,23.0,48.0,6.0
9.0,15.0,24.0,48.0,7.0
9.0,16.0,24.0,140.0,18.0
9.0,16.0,21.0,176.0,27.0
9.0,17.0,19.0,127.0,24.0
9.0,16.0,19.0,127.0,24.0
9.0,15.0,16.0,127.0,24.0
7.0,12.0,8.0,146.0,24.0
6.0,11.0,8.0,129.0,22.0
6.0,10.0,9.0,107.0,20.0
6.0,9.0,10.0,84.0,16.0
5.0,7.0,17.0,42.0,7.0
4.0,7.0,27.0,36.0,5.0
4.0,6.0,32.0,32.0,4.0
4.0,6.0,35.0,56.0,6.0
4.0,5.0,35.0,132.0,13.0
3.0,5.0,35.0,100.0,11.0
3.0,3.0,33.0,106.0,13.0
3.0,2.0,29.0,138.0,15.0
3.0,1.0,25.0,89.0,14.0
2.0,1.0,19.0,128.0,11.0
2.0,1.0,19.0,87.0,11.0
2.0,1.0,19.0,155.0,18.0
2.0,1.0,19.0,148.0,23.0
2.0,1.0,17.0,176.0,27.0
2.0,1.0,15.0,178.0,24.0
11.0,26.0,15.0,89.0,11.0
12.0,27.0,15.0,115.0,13.0
12.0,26.0,15.0,103.0,13.0
13.0,27.0,15.0,81.0,13.0
13.0,28.0,15.0,92.0,8.0
13.0,27.0,15.0,96.0,10.0
13.0,26.0,14.0,100.0,11.0
13.0,26.0,13.0,125.0,11.0
13.0,25.0,14.0,85.0,11.0
13.0,24.0,17.0,64.0,5.0
12.0,22.0,20.0,63.0,4.0
12.0,21.0,21.0,61.0,4.0
11.0,20.0,22.0,54.0,4.0
11.0,18.0,25.0,53.0,4.0
10.0,17.0,28.0,56.0,4.0
10.0,16.0,31.0,35.0,3.0
10.0,15.0,30.0,67.0,5.0
10.0,15.0,30.0,55.0,5.0
10.0,15.0,29.0,45.0,3.0
11.0,15.0,29.0,49.0,4.0
11.0,15.0,28.0,45.0,4.0
11.0,15.0,26.0,34.0,3.0
12.0,16.0,25.0,46.0,5.0
13.0,16.0,21.0,67.0,6.0
13.0,17.0,19.0,66.0,8.0
14.0,18.0,16.0,80.0,13.0
14.0,19.0,15.0,81.0,12.0
15.0,19.0,14.0,78.0,10.0
15.0,18.0,14.0,78.0,9.0
15.0,18.0,13.0,115.0,10.0
14.0,18.0,13.0,108.0,10.0
15.0,18.0,13.0,95.0,10.0
15.0,19.0,13.0,127.0,11.0
15.0,19.0,13.0,129.0,13.0
16.0,20.0,11.0,128.0,17.0
16.0,21.0,9.0,137.0,19.0
17.0,22.0,7.0,114.0,16.0
17.0,22.0,6.0,100.0,16.0
17.0,22.0,6.0,76.0,14.0
17.0,22.0,6.0,77.0,11.0
16.0,21.0,7.0,58.0,8.0
16.0,21.0,8.0,56.0,8.0
15.0,20.0,10.0,50.0,7.0
15.0,20.0,12.0,54.0,7.0
14.0,19.0,12.0,61.0,7.0
14.0,19.0,13.0,70.0,7.0
14.0,18.0,13.0,94.0,12.0
13.0,18.0,12.0,101.0,13.0
13.0,18.0,11.0,99.0,16.0
13.0,17.0,10.0,89.0,14.0
13.0,18.0,9.0,100.0,12.0
13.0,19.0,9.0,80.0,10.0
13.0,20.0,10.0,78.0,10.0
13.0,20.0,11.0,110.0,10.0
13.0,20.0,13.0,93.0,9.0
13.0,20.0,14.0,77.0,9.0
13.0,20.0,16.0,96.0,9.0
13.0,21.0,16.0,103.0,11.0
12.0,20.0,16.0,115.0,13.0
12.0,20.0,15.0,131.0,16.0
12.0,21.0,13.0,109.0,15.0
12.0,21.0,12.0,89.0,13.0
12.0,22.0,11.0,81.0,11.0
12.0,22.0,12.0,72.0,10.0
12.0,23.0,13.0,80.0,11.0
12.0,23.0,16.0,46.0,5.0
12.0,23.0,24.0,45.0,4.0
12.0,23.0,29.0,48.0,4.0
12.0,23.0,31.0,62.0,5.0
12.0,23.0,32.0,107.0,11.0
12.0,23.0,30.0,132.0,17.0
11.0,22.0,28.0,127.0,18.0
11.0,22.0,24.0,119.0,17.0
11.0,21.0,20.0,135.0,20.0
11.0,21.0,16.0,118.0,19.0
11.0,21.0,12.0,110.0,18.0
11.0,21.0,9.0,103.0,15.0
11.0,21.0,8.0,118.0,16.0
11.0,21.0,9.0,160.0,17.0
12.0,21.0,9.0,101.0,16.0
12.0,22.0,9.0,143.0,17.0
12.0,21.0,10.0,95.0,14.0
11.0,21.0,10.0,139.0,18.0
11.0,20.0,11.0,80.0,13.0
11.0,20.0,12.0,80.0,10.0
11.0,20.0,15.0,56.0,8.0
11.0,20.0,19.0,48.0,5.0
11.0,21.0,24.0,31.0,5.0
11.0,21.0,29.0,22.0,4.0
12.0,21.0,35.0,18.0,3.0
11.0,20.0,44.0,37.0,4.0
11.0,19.0,45.0,60.0,5.0
11.0,19.0,45.0,81.0,7.0
11.0,18.0,42.0,85.0,10.0
11.0,18.0,38.0,90.0,14.0
10.0,18.0,33.0,84.0,14.0
10.0,18.0,29.0,92.0,14.0
10.0,17.0,26.0,92.0,14.0
10.0,17.0,21.0,155.0,16.0
10.0,17.0,18.0,130.0,17.0
10.0,16.0,13.0,186.0,25.0
10.0,16.0,12.0,220.0,26.0
10.0,16.0,9.0,145.0,27.0
10.0,16.0,10.0,137.0,19.0
10.0,17.0,11.0,129.0,14.0
11.0,17.0,11.0,108.0,13.0
11.0,17.0,12.0,113.0,14.0
11.0,17.0,17.0,42.0,8.0
11.0,17.0,21.0,46.0,6.0
11.0,18.0,24.0,51.0,6.0
11.0,19.0,27.0,50.0,5.0
11.0,19.0,28.0,61.0,6.0
11.0,20.0,28.0,98.0,13.0
12.0,21.0,27.0,124.0,13.0
12.0,22.0,25.0,137.0,13.0
12.0,22.0,23.0,132.0,14.0
13.0,24.0,16.0,115.0,13.0
14.0,26.0,12.0,144.0,12.0
14.0,27.0,10.0,138.0,13.0
14.0,28.0,11.0,116.0,11.0
14.0,28.0,11.0,144.0,14.0
14.0,29.0,10.0,146.0,14.0
14.0,30.0,10.0,116.0,14.0
14.0,30.0,10.0,118.0,10.0
14.0,30.0,10.0,106.0,10.0
14.0,30.0,10.0,124.0,10.0
14.0,30.0,9.0,92.0,9.0
14.0,29.0,10.0,77.0,8.0
14.0,29.0,11.0,75.0,5.0
14.0,29.0,12.0,67.0,3.0
14.0,29.0,11.0,60.0,3.0
14.0,28.0,11.0,69.0,2.0
14.0,28.0,11.0,53.0,3.0
14.0,27.0,11.0,67.0,2.0
14.0,26.0,11.0,65.0,2.0
13.0,24.0,15.0,46.0,0.0
13.0,24.0,17.0,64.0,2.0
13.0,23.0,18.0,90.0,2.0
12.0,23.0,18.0,96.0,3.0
13.0,22.0,18.0,61.0,2.0
12.0,22.0,15.0,74.0,2.0
12.0,21.0,14.0,90.0,2.0
13.0,21.0,11.0,65.0,2.0
13.0,22.0,9.0,80.0,5.0
13.0,22.0,7.0,91.0,7.0
14.0,23.0,6.0,85.0,8.0
15.0,24.0,6.0,70.0,5.0
17.0,26.0,7.0,59.0,2.0
17.0,26.0,7.0,74.0,5.0
17.0,27.0,7.0,86.0,8.0
18.0,27.0,7.0,91.0,9.0
18.0,28.0,8.0,80.0,9.0
18.0,28.0,10.0,83.0,8.0
18.0,28.0,11.0,84.0,6.0
18.0,29.0,12.0,87.0,7.0
18.0,29.0,12.0,88.0,7.0
18.0,29.0,13.0,96.0,8.0
17.0,28.0,11.0,75.0,5.0
17.0,28.0,10.0,91.0,6.0
17.0,27.0,9.0,91.0,6.0
16.0,26.0,9.0,102.0,6.0
16.0,25.0,9.0,98.0,5.0
14.0,23.0,10.0,67.0,3.0
14.0,22.0,12.0,58.0,2.0
13.0,21.0,14.0,51.0,2.0
12.0,20.0,16.0,73.0,3.0
12.0,19.0,16.0,72.0,4.0
11.0,18.0,16.0,72.0,4.0
11.0,18.0,15.0,76.0,6.0
11.0,17.0,14.0,89.0,6.0
10.0,17.0,13.0,91.0,6.0
10.0,17.0,12.0,83.0,6.0
10.0,17.0,12.0,81.0,6.0
10.0,17.0,13.0,72.0,5.0
10.0,16.0,13.0,83.0,5.0
10.0,16.0,13.0,90.0,6.0
9.0,16.0,14.0,88.0,6.0
9.0,16.0,15.0,67.0,4.0
8.0,16.0,19.0,57.0,2.0
8.0,16.0,28.0,27.0,1.0
7.0,14.0,40.0,91.0,6.0
7.0,14.0,38.0,99.0,9.0
7.0,14.0,35.0,109.0,10.0
8.0,15.0,25.0,132.0,14.0
8.0,15.0,25.0,98.0,13.0
8.0,15.0,15.0,110.0,14.0
9.0,15.0,10.0,120.0,13.0
9.0,16.0,9.0,119.0,15.0
9.0,15.0,14.0,39.0,10.0
8.0,15.0,23.0,62.0,1.0
8.0,14.0,22.0,71.0,1.0
8.0,15.0,18.0,82.0,3.0
9.0,17.0,12.0,76.0,3.0
9.0,17.0,11.0,72.0,3.0
9.0,18.0,10.0,77.0,4.0
9.0,19.0,8.0,87.0,7.0
10.0,19.0,6.0,105.0,15.0
10.0,20.0,5.0,105.0,18.0
11.0,21.0,5.0,159.0,27.0
12.0,24.0,5.0,154.0,28.0
13.0,26.0,5.0,161.0,24.0
15.0,30.0,6.0,139.0,20.0
16.0,32.0,6.0,136.0,18.0
16.0,33.0,6.0,133.0,17.0
17.0,35.0,6.0,125.0,14.0
17.0,35.0,7.0,105.0,12.0
18.0,35.0,7.0,76.0,8.0
18.0,35.0,7.0,83.0,7.0
18.0,34.0,12.0,50.0,3.0
17.0,33.0,17.0,30.0,0.0
17.0,32.0,23.0,29.0,1.0
17.0,32.0,28.0,38.0,1.0
16.0,29.0,33.0,103.0,11.0
15.0,28.0,31.0,117.0,15.0
13.0,23.0,18.0,81.0,6.0
13.0,22.0,15.0,116.0,15.0
13.0,21.0,11.0,118.0,18.0
12.0,20.0,10.0,157.0,20.0
12.0,20.0,10.0,121.0,14.0
11.0,19.0,10.0,175.0,26.0
11.0,18.0,9.0,146.0,22.0
11.0,19.0,8.0,139.0,19.0
11.0,19.0,8.0,99.0,14.0
11.0,20.0,8.0,125.0,14.0
11.0,20.0,9.0,79.0,10.0
11.0,21.0,9.0,78.0,8.0
11.0,21.0,12.0,50.0,5.0
11.0,21.0,15.0,41.0,6.0
11.0,22.0,18.0,50.0,4.0
11.0,22.0,18.0,52.0,4.0
11.0,22.0,25.0,26.0,3.0
11.0,22.0,27.0,26.0,2.0
10.0,22.0,26.0,88.0,6.0
10.0,22.0,24.0,131.0,12.0
10.0,22.0,23.0,68.0,10.0
10.0,23.0,27.0,32.0,3.0
9.0,22.0,30.0,32.0,3.0
9.0,21.0,35.0,84.0,2.0
8.0,20.0,34.0,78.0,4.0
8.0,19.0,33.0,63.0,2.0
7.0,18.0,29.0,62.0,2.0
6.0,17.0,24.0,49.0,0.0
6.0,16.0,23.0,50.0,0.0
6.0,16.0,23.0,37.0,0.0
6.0,15.0,24.0,38.0,0.0
7.0,15.0,38.0,62.0,0.0
6.0,15.0,37.0,64.0,1.0
7.0,15.0,34.0,37.0,3.0
7.0,14.0,33.0,25.0,4.0
7.0,14.0,30.0,38.0,4.0
7.0,14.0,27.0,59.0,3.0
7.0,14.0,30.0,44.0,3.0
7.0,14.0,29.0,60.0,5.0
8.0,16.0,16.0,73.0,9.0
8.0,17.0,13.0,87.0,11.0
9.0,17.0,10.0,73.0,11.0
9.0,18.0,7.0,68.0,11.0
10.0,19.0,7.0,72.0,11.0
10.0,19.0,7.0,73.0,10.0
11.0,21.0,7.0,61.0,8.0
12.0,22.0,7.0,72.0,10.0
13.0,22.0,7.0,64.0,10.0
13.0,22.0,8.0,94.0,11.0
13.0,23.0,8.0,116.0,21.0
14.0,24.0,8.0,139.0,22.0
15.0,24.0,9.0,121.0,21.0
15.0,25.0,9.0,99.0,16.0
15.0,23.0,11.0,73.0,4.0
15.0,23.0,11.0,63.0,4.0
15.0,23.0,12.0,50.0,3.0
15.0,22.0,15.0,33.0,2.0
15.0,21.0,17.0,30.0,2.0
14.0,20.0,21.0,21.0,0.0
14.0,19.0,24.0,17.0,0.0
13.0,18.0,29.0,12.0,0.0
11.0,15.0,48.0,22.0,0.0
9.0,13.0,48.0,35.0,0.0
8.0,11.0,45.0,42.0,0.0
8.0,11.0,44.0,37.0,1.0
8.0,11.0,39.0,44.0,1.0
8.0,11.0,37.0,42.0,1.0
7.0,11.0,35.0,39.0,1.0
7.0,11.0,33.0,26.0,0.0
6.0,11.0,32.0,27.0,0.0
6.0,10.0,45.0,50.0,1.0
6.0,11.0,42.0,64.0,2.0
6.0,11.0,36.0,50.0,2.0
6.0,11.0,33.0,41.0,2.0
6.0,12.0,30.0,47.0,3.0
7.0,12.0,28.0,38.0,2.0
7.0,12.0,31.0,46.0,1.0
7.0,13.0,30.0,62.0,2.0
7.0,13.0,29.0,44.0,2.0
8.0,13.0,29.0,45.0,2.0
8.0,14.0,28.0,40.0,2.0
9.0,14.0,28.0,39.0,1.0
10.0,15.0,31.0,21.0,1.0
10.0,16.0,32.0,20.0,0.0
11.0,16.0,33.0,22.0,1.0
11.0,17.0,33.0,29.0,1.0
12.0,17.0,32.0,49.0,3.0
12.0,18.0,30.0,57.0,3.0
12.0,18.0,28.0,58.0,4.0
13.0,19.0,24.0,47.0,4.0
13.0,19.0,23.0,57.0,4.0
13.0,19.0,24.0,57.0,4.0
13.0,19.0,26.0,80.0,5.0
13.0,19.0,29.0,65.0,5.0
14.0,20.0,29.0,94.0,7.0
14.0,20.0,27.0,66.0,5.0
15.0,21.0,24.0,104.0,6.0
15.0,21.0,20.0,87.0,6.0
16.0,22.0,17.0,60.0,6.0
16.0,23.0,13.0,55.0,5.0
17.0,23.0,12.0,46.0,5.0
17.0,23.0,13.0,31.0,3.0
17.0,23.0,15.0,25.0,2.0
17.0,23.0,19.0,20.0,2.0
17.0,22.0,24.0,17.0,1.0
16.0,22.0,28.0,29.0,1.0
16.0,22.0,31.0,44.0,3.0
15.0,21.0,33.0,52.0,3.0
15.0,21.0,35.0,49.0,4.0
15.0,20.0,34.0,72.0,6.0
14.0,20.0,33.0,70.0,5.0
14.0,20.0,31.0,62.0,5.0
14.0,21.0,28.0,47.0,4.0
14.0,21.0,29.0,49.0,4.0
14.0,21.0,30.0,71.0,6.0
13.0,21.0,25.0,107.0,7.0
13.0,20.0,22.0,90.0,6.0
12.0,20.0,10.0,153.0,23.0
12.0,20.0,10.0,130.0,21.0
12.0,21.0,8.0,120.0,19.0
12.0,22.0,7.0,85.0,13.0
12.0,23.0,7.0,83.0,11.0
12.0,24.0,7.0,72.0,8.0
13.0,25.0,7.0,76.0,7.0
13.0,26.0,7.0,93.0,8.0
14.0,27.0,7.0,131.0,20.0
14.0,28.0,7.0,139.0,26.0
15.0,29.0,7.0,164.0,28.0
15.0,31.0,7.0,150.0,29.0
15.0,32.0,8.0,171.0,28.0
16.0,32.0,8.0,140.0,24.0
16.0,33.0,8.0,155.0,21.0
16.0,34.0,8.0,134.0,19.0
17.0,35.0,9.0,143.0,20.0
17.0,36.0,9.0,168.0,21.0
18.0,37.0,10.0,176.0,20.0
18.0,37.0,10.0,131.0,16.0
15.0,34.0,20.0,50.0,5.0
14.0,33.0,24.0,46.0,5.0
13.0,31.0,31.0,53.0,5.0
13.0,30.0,29.0,112.0,12.0
12.0,28.0,30.0,114.0,13.0
12.0,27.0,28.0,92.0,10.0
11.0,26.0,27.0,79.0,10.0
11.0,23.0,24.0,78.0,7.0
10.0,22.0,24.0,55.0,5.0
10.0,21.0,24.0,67.0,4.0
7.0,16.0,38.0,56.0,2.0
7.0,16.0,35.0,68.0,4.0
7.0,15.0,33.0,70.0,4.0
7.0,15.0,29.0,92.0,6.0
7.0,16.0,17.0,95.0,9.0
8.0,18.0,12.0,85.0,9.0
8.0,18.0,10.0,72.0,7.0
8.0,19.0,9.0,81.0,8.0
8.0,19.0,9.0,94.0,11.0
8.0,20.0,8.0,108.0,13.0
8.0,21.0,8.0,112.0,15.0
8.0,22.0,9.0,113.0,15.0
9.0,23.0,9.0,107.0,14.0
9.0,24.0,10.0,121.0,15.0
9.0,25.0,10.0,102.0,14.0
9.0,25.0,11.0,119.0,14.0
10.0,25.0,12.0,114.0,14.0
10.0,26.0,12.0,125.0,13.0
10.0,26.0,14.0,109.0,13.0
11.0,25.0,18.0,88.0,8.0
11.0,25.0,19.0,80.0,9.0
11.0,24.0,21.0,66.0,7.0
11.0,23.0,23.0,66.0,7.0
10.0,22.0,25.0,45.0,5.0
10.0,21.0,28.0,51.0,5.0
9.0,20.0,32.0,33.0,4.0
9.0,19.0,35.0,55.0,4.0
9.0,18.0,38.0,50.0,4.0
8.0,18.0,41.0,40.0,4.0
8.0,17.0,43.0,45.0,4.0
8.0,16.0,43.0,63.0,5.0
7.0,14.0,41.0,63.0,7.0
7.0,13.0,38.0,69.0,6.0
7.0,12.0,37.0,61.0,6.0
6.0,12.0,37.0,53.0,5.0
6.0,11.0,35.0,56.0,6.0
4.0,10.0,31.0,77.0,6.0
4.0,10.0,29.0,73.0,6.0
4.0,10.0,24.0,60.0,5.0
5.0,10.0,28.0,57.0,3.0
5.0,11.0,27.0,82.0,7.0
6.0,13.0,21.0,179.0,26.0
8.0,17.0,10.0,146.0,16.0
12.0,27.0,12.0,85.0,10.0
12.0,27.0,19.0,67.0,5.0
12.0,27.0,31.0,39.0,3.0
12.0,27.0,34.0,45.0,3.0
12.0,27.0,35.0,96.0,7.0
11.0,23.0,14.0,107.0,14.0
10.0,21.0,14.0,123.0,14.0
9.0,19.0,15.0,119.0,12.0
9.0,18.0,14.0,90.0,13.0
9.0,17.0,14.0,79.0,8.0
9.0,17.0,13.0,77.0,7.0
9.0,16.0,13.0,62.0,6.0
9.0,17.0,13.0,52.0,6.0
10.0,17.0,14.0,44.0,5.0
11.0,17.0,16.0,46.0,3.0
11.0,18.0,16.0,62.0,5.0
11.0,18.0,15.0,73.0,6.0
12.0,19.0,15.0,79.0,8.0
12.0,19.0,14.0,111.0,15.0
12.0,19.0,13.0,107.0,18.0
13.0,20.0,11.0,129.0,21.0
13.0,20.0,9.0,136.0,18.0
13.0,20.0,8.0,114.0,14.0
13.0,21.0,9.0,133.0,14.0
13.0,22.0,10.0,125.0,14.0
13.0,21.0,11.0,135.0,13.0
14.0,22.0,11.0,129.0,12.0
14.0,22.0,12.0,145.0,15.0
14.0,23.0,12.0,151.0,16.0
14.0,22.0,14.0,92.0,9.0
14.0,22.0,14.0,81.0,8.0
13.0,22.0,15.0,77.0,8.0
13.0,22.0,15.0,70.0,8.0
13.0,21.0,16.0,55.0,5.0
12.0,21.0,17.0,44.0,6.0
12.0,21.0,18.0,52.0,6.0
11.0,20.0,18.0,54.0,6.0
11.0,20.0,19.0,67.0,7.0
11.0,20.0,17.0,128.0,14.0
11.0,20.0,16.0,131.0,18.0
11.0,20.0,15.0,134.0,19.0
10.0,20.0,15.0,145.0,19.0
10.0,19.0,15.0,100.0,14.0
10.0,18.0,14.0,117.0,17.0
11.0,19.0,14.0,128.0,14.0
13.0,27.0,10.0,119.0,18.0
13.0,28.0,9.0,103.0,16.0
14.0,29.0,9.0,99.0,13.0
14.0,30.0,9.0,73.0,8.0
14.0,30.0,10.0,68.0,8.0
14.0,30.0,12.0,59.0,6.0
14.0,30.0,13.0,122.0,16.0
14.0,30.0,13.0,155.0,22.0
14.0,31.0,13.0,156.0,24.0
14.0,31.0,12.0,147.0,25.0
15.0,32.0,11.0,120.0,24.0
15.0,34.0,10.0,183.0,21.0
15.0,35.0,10.0,146.0,21.0
15.0,35.0,10.0,189.0,26.0
15.0,35.0,10.0,187.0,24.0
15.0,35.0,10.0,186.0,25.0
15.0,35.0,10.0,189.0,24.0
15.0,35.0,9.0,148.0,19.0
15.0,35.0,9.0,124.0,18.0
15.0,35.0,9.0,111.0,12.0
15.0,35.0,9.0,152.0,12.0
20.0,39.0,9.0,119.0,11.0
20.0,39.0,10.0,82.0,8.0
20.0,39.0,10.0,82.0,7.0
20.0,39.0,10.0,70.0,6.0
20.0,39.0,10.0,70.0,6.0
19.0,38.0,12.0,93.0,9.0
19.0,38.0,12.0,94.0,9.0
19.0,37.0,13.0,103.0,10.0
18.0,36.0,13.0,108.0,10.0
18.0,36.0,13.0,116.0,10.0
18.0,36.0,12.0,135.0,13.0
18.0,36.0,12.0,119.0,13.0
18.0,35.0,12.0,141.0,14.0
18.0,35.0,12.0,120.0,16.0
18.0,34.0,12.0,139.0,14.0
18.0,34.0,12.0,119.0,14.0
18.0,33.0,11.0,119.0,10.0
18.0,32.0,11.0,121.0,11.0
18.0,32.0,11.0,112.0,11.0
18.0,32.0,12.0,70.0,8.0
18.0,32.0,14.0,53.0,5.0
19.0,31.0,17.0,46.0,5.0
19.0,31.0,18.0,46.0,5.0
19.0,31.0,20.0,66.0,7.0
19.0,31.0,19.0,119.0,15.0
20.0,31.0,18.0,111.0,18.0
20.0,31.0,17.0,142.0,23.0
20.0,31.0,15.0,141.0,27.0
20.0,31.0,12.0,138.0,27.0
20.0,31.0,10.0,97.0,22.0
21.0,30.0,8.0,93.0,21.0
21.0,30.0,6.0,80.0,18.0
21.0,30.0,6.0,73.0,14.0
21.0,29.0,7.0,58.0,9.0
20.0,28.0,7.0,60.0,7.0
20.0,27.0,9.0,67.0,6.0
20.0,26.0,11.0,50.0,4.0
19.0,26.0,14.0,44.0,3.0
19.0,25.0,17.0,47.0,3.0
18.0,25.0,19.0,54.0,4.0
17.0,24.0,20.0,35.0,4.0
16.0,22.0,20.0,35.0,4.0
16.0,21.0,21.0,25.0,4.0
15.0,20.0,22.0,27.0,4.0
14.0,19.0,19.0,38.0,4.0
13.0,18.0,18.0,54.0,5.0
13.0,17.0,20.0,45.0,4.0
11.0,16.0,22.0,46.0,3.0
11.0,15.0,23.0,46.0,3.0
11.0,15.0,26.0,61.0,4.0
10.0,14.0,30.0,55.0,4.0
9.0,13.0,33.0,78.0,5.0
9.0,13.0,35.0,64.0,4.0
9.0,12.0,38.0,56.0,5.0
8.0,12.0,39.0,87.0,6.0
8.0,12.0,40.0,84.0,7.0
8.0,12.0,41.0,65.0,5.0
7.0,11.0,41.0,50.0,2.0
7.0,10.0,39.0,32.0,1.0
7.0,10.0,37.0,35.0,0.0
8.0,11.0,38.0,32.0,0.0
8.0,12.0,40.0,19.0,0.0
9.0,13.0,41.0,20.0,0.0
10.0,14.0,41.0,22.0,0.0
12.0,15.0,41.0,28.0,0.0
14.0,19.0,38.0,55.0,3.0
16.0,20.0,34.0,61.0,5.0
18.0,20.0,34.0,76.0,5.0
23.0,27.0,20.0,59.0,4.0
24.0,29.0,19.0,49.0,3.0
26.0,32.0,22.0,65.0,9.0
27.0,33.0,24.0,98.0,6.0
28.0,34.0,24.0,60.0,3.0
32.0,38.0,24.0,57.0,1.0
33.0,40.0,26.0,39.0,1.0
26.0,33.0,22.0,138.0,11.0
26.0,33.0,22.0,107.0,12.0
25.0,32.0,22.0,123.0,9.0
24.0,32.0,22.0,97.0,7.0
24.0,31.0,22.0,97.0,4.0
23.0,31.0,21.0,97.0,2.0
21.0,30.0,24.0,54.0,7.0
19.0,29.0,20.0,112.0,11.0
19.0,28.0,18.0,98.0,12.0
18.0,28.0,16.0,93.0,9.0
18.0,28.0,16.0,123.0,9.0
18.0,28.0,19.0,96.0,6.0
20.0,30.0,21.0,75.0,6.0
19.0,30.0,21.0,80.0,4.0
20.0,31.0,19.0,78.0,5.0
20.0,31.0,18.0,75.0,5.0
20.0,31.0,17.0,59.0,3.0
21.0,32.0,18.0,48.0,1.0
21.0,32.0,19.0,40.0,1.0
21.0,33.0,19.0,55.0,1.0
22.0,33.0,20.0,74.0,5.0
22.0,34.0,20.0,71.0,6.0
23.0,34.0,21.0,69.0,7.0
23.0,35.0,22.0,58.0,6.0
23.0,35.0,24.0,68.0,5.0
23.0,35.0,25.0,89.0,6.0
23.0,35.0,26.0,77.0,5.0
23.0,35.0,27.0,96.0,6.0
23.0,35.0,28.0,108.0,7.0
23.0,35.0,28.0,102.0,7.0
23.0,35.0,28.0,79.0,5.0
22.0,35.0,26.0,82.0,3.0
22.0,35.0,24.0,85.0,4.0
22.0,35.0,23.0,85.0,4.0
20.0,33.0,27.0,46.0,1.0
20.0,32.0,30.0,31.0,0.0
19.0,32.0,33.0,31.0,1.0
19.0,31.0,35.0,34.0,1.0
17.0,29.0,37.0,51.0,1.0
16.0,28.0,38.0,65.0,3.0
15.0,27.0,38.0,71.0,3.0
14.0,26.0,40.0,44.0,1.0
14.0,25.0,40.0,67.0,2.0
13.0,25.0,40.0,62.0,2.0
13.0,24.0,40.0,93.0,5.0
13.0,24.0,39.0,72.0,4.0
12.0,23.0,40.0,64.0,3.0
12.0,22.0,39.0,63.0,3.0
11.0,20.0,40.0,32.0,1.0
7.0,15.0,49.0,50.0,2.0
7.0,15.0,43.0,63.0,3.0
4.0,9.0,32.42,64.0,3.0
1.0,7.0,39.77,51.0,2.0
2.0,6.0,33.15,57.0,2.0
3.0,6.0,36.2,45.0,2.0
5.0,8.0,30.39,51.0,2.0
5.0,9.0,23.76,58.0,2.0
6.0,9.0,23.13,53.0,2.0
5.0,8.0,37.64,40.0,3.0
5.0,10.0,42.84,39.0,4.0
1.0,6.0,50.26,35.0,3.0
3.0,7.0,52.06,33.0,3.0
7.0,12.0,55.91,31.0,3.0
11.0,15.0,54.01,31.0,3.0
10.0,14.0,47.53,38.0,3.0
4.0,8.0,39.6,46.0,3.0
5.0,10.0,36.16,47.0,2.0
7.0,13.0,31.4,56.0,2.0
6.0,11.0,27.51,64.0,3.0
4.0,9.0,27.52,60.0,3.0
10.0,14.0,32.5,54.0,3.0
4.0,6.0,46.38,34.0,2.0
3.0,5.0,32.57,31.0,2.0
7.0,9.0,38.86,22.0,2.0
7.0,9.0,27.15,28.0,2.0
1.0,2.0,24.99,28.0,2.0
5.0,7.0,37.16,17.0,2.0
4.0,6.0,31.59,26.0,2.0
6.0,5.0,5.82,66.0,3.0
2.0,4.0,4.37,71.0,3.0
7.0,8.0,6.36,64.0,3.0
6.0,9.0,5.84,73.0,3.0
2.0,4.0,13.76,59.0,3.0
5.0,6.0,18.23,50.0,2.0
10.0,13.0,19.36,55.0,3.0
17.0,21.0,21.4,53.0,3.0
4.0,9.0,24.09,47.0,3.0
8.0,11.0,28.4,39.0,3.0
3.0,5.0,22.11,46.0,3.0
5.0,9.0,13.48,60.0,3.0
3.0,6.0,5.7,68.0,3.0
9.0,12.0,4.57,71.0,3.0
13.0,16.0,5.01,76.0,3.0
10.0,13.0,5.13,77.0,3.0
9.0,12.0,3.97,67.0,3.0
11.0,14.0,3.64,63.0,3.0
10.0,13.0,3.4,60.0,3.0
6.0,9.0,5.33,54.0,3.0
7.0,8.0,16.15,35.0,2.0
4.0,5.0,10.26,34.0,2.0
5.0,6.0,20.39,22.0,2.0
3.0,4.0,25.99,24.0,2.0
8.0,9.0,21.53,34.0,2.0
7.0,8.0,14.49,47.0,2.0
5.0,8.0,11.59,53.0,2.0
6.0,9.0,11.31,56.0,2.0
10.0,12.0,12.47,58.0,3.0
9.0,13.0,16.37,51.0,2.0
7.0,11.0,21.76,50.0,3.0
5.0,5.0,30.35,56.0,3.0
3.0,4.0,26.69,59.0,3.0
2.0,3.0,39.32,46.0,3.0
1.0,2.0,56.71,26.0,3.0
1.0,1.0,57.01,24.0,3.0
1.0,1.0,55.49,25.0,3.0
3.0,3.0,55.03,26.0,3.0
4.0,4.0,51.51,31.0,3.0
7.0,7.0,50.37,34.0,4.0
4.0,4.0,45.01,39.0,4.0
5.0,4.0,38.91,45.0,5.0
5.0,5.0,29.0,55.0,4.0
3.0,4.0,34.31,49.0,4.0
3.0,4.0,38.87,46.0,3.0
2.0,3.0,41.59,43.0,4.0
4.0,5.0,44.29,38.0,3.0
7.0,8.0,35.7,43.0,3.0
7.0,8.0,30.32,45.0,3.0
6.0,7.0,27.92,46.0,3.0
7.0,8.0,12.67,69.0,3.0
7.0,9.0,7.92,75.0,4.0
9.0,10.0,13.56,71.0,4.0
11.0,12.0,9.26,75.0,4.0
9.0,11.0,9.84,71.0,6.0
6.0,7.0,20.35,53.0,5.0
7.0,8.0,28.22,39.0,4.0
6.0,7.0,36.43,26.0,4.0
6.0,7.0,36.47,24.0,4.0
5.0,5.0,42.51,21.0,4.0
6.0,6.0,42.27,25.0,4.0
9.0,10.0,30.56,41.0,4.0
4.0,6.0,9.7,78.0,4.0
10.0,13.0,4.19,94.0,6.0
14.0,18.0,8.39,91.0,7.0
9.0,14.0,16.06,79.0,9.0
6.0,11.0,25.4,69.0,10.0
8.0,13.0,29.87,64.0,13.0
9.0,13.0,33.37,63.0,12.0
5.0,8.0,40.94,56.0,8.0
9.0,12.0,41.82,58.0,10.0
5.0,9.0,37.32,63.0,7.0
7.0,11.0,11.53,99.0,10.0
12.0,21.0,3.17,129.0,7.0
14.0,26.0,2.74,140.0,7.0
17.0,27.0,2.95,102.0,5.0
13.0,17.0,7.67,84.0,4.0
9.0,13.0,12.65,75.0,4.0
10.0,12.0,23.35,50.0,3.0
16.0,18.0,3.28,69.0,3.0
2.0,5.0,48.1,40.0,3.0
2.0,3.0,30.59,52.0,3.0
10.0,13.0,30.83,47.0,3.0
9.0,11.0,34.88,40.0,3.0
2.0,4.0,37.54,35.0,3.0
2.0,4.0,33.77,38.0,3.0
2.0,3.0,33.04,39.0,6.0
4.0,8.0,15.47,66.0,4.0
5.0,6.0,22.94,30.0,5.0
8.0,10.0,17.22,38.0,6.0
6.0,8.0,8.74,50.0,7.0
1.0,1.0,66.67,14.0,4.0
8.0,9.0,26.08,55.0,6.0
4.0,5.0,35.17,43.0,6.0
12.0,18.0,3.15,91.0,2.0
2.0,2.0,52.39,28.0,3.0
1.0,3.0,34.8,40.0,3.0
13.0,19.0,2.66,109.0,3.0
15.0,20.0,4.76,94.0,3.0
10.0,12.0,5.43,73.0,4.0
1.0,1.0,75.24,20.0,3.0
11.0,11.0,85.1,17.0,3.0
1.0,1.0,59.74,25.0,3.0
10.0,11.0,50.62,38.0,4.0
12.0,13.0,61.1,31.0,3.0
2.0,3.0,63.24,30.0,3.0
1.0,1.0,70.13,24.0,3.0
1.0,2.0,71.03,21.0,3.0
1.0,1.0,74.97,18.0,3.0
5.0,6.0,71.71,17.0,3.0
1.0,2.0,74.89,12.0,3.0
4.0,8.0,57.33,23.0,3.0
7.0,8.0,83.34,21.0,3.0
1.0,2.0,32.11,67.0,4.0
9.0,11.0,32.83,64.0,4.0
2.0,3.0,45.25,48.0,4.0
7.0,8.0,40.4,51.0,4.0
3.0,5.0,40.77,46.0,4.0
2.0,3.0,63.55,32.0,4.0
4.0,5.0,70.97,17.0,4.0
11.0,18.0,27.54,77.0,6.0
3.0,6.0,55.65,42.0,6.0
3.0,5.0,58.73,41.0,6.0
1.0,3.0,54.56,45.0,6.0
2.0,5.0,31.88,54.0,6.0
2.0,5.0,58.44,33.0,6.0
2.0,3.0,43.24,19.0,6.0
5.0,7.0,52.82,38.0,7.0
4.0,6.0,70.77,11.0,1.0
1.0,1.0,88.35,12.0,1.0
5.0,19.0,41.01,44.0,1.0
2.0,2.0,45.27,44.0,1.0
3.0,3.0,73.13,23.0,1.0
8.0,8.0,70.62,16.0,1.0
2.0,4.0,21.71,51.0,1.0
8.0,21.0,75.41,20.0,1.0
10.0,19.0,26.54,60.0,1.0
2.0,11.0,56.08,17.0,1.0
1.0,2.0,60.74,40.0,1.0
10.0,19.0,49.95,42.0,1.0
5.0,8.0,67.03,26.0,1.0
3.0,3.0,65.06,15.0,1.0
5.0,6.0,46.65,46.0,4.0
8.0,14.0,43.27,47.0,4.0
1.0,1.0,65.33,33.0,4.0
6.0,7.0,33.18,38.0,4.0
7.0,10.0,64.41,22.0,4.0
8.0,11.0,64.13,24.0,4.0
10.0,14.0,52.07,34.0,4.0
4.0,8.0,50.22,52.0,4.0
3.0,4.0,72.45,26.0,4.0
14.0,18.0,47.11,52.0,4.0
2.0,3.0,67.55,22.0,4.0
10.0,12.0,61.7,31.0,4.0
12.0,15.0,29.81,68.0,4.0
12.0,15.0,63.51,26.0,4.0
16.0,18.0,12.24,62.0,4.0
19.0,25.0,10.53,101.0,4.0
8.0,11.0,59.57,22.0,4.0
9.0,10.0,57.02,30.0,4.0
6.0,8.0,20.11,65.0,4.0
1.0,1.0,77.33,23.0,4.0
2.0,3.0,14.3,74.0,4.0
15.0,17.0,65.96,11.0,3.0
1.0,1.0,20.41,65.0,4.0
6.0,13.0,68.31,19.0,4.0
3.0,12.0,15.93,67.0,4.0
5.0,8.0,66.72,18.0,4.0
2.0,4.0,36.44,42.0,4.0
6.0,9.0,83.64,14.0,4.0
2.0,6.0,70.52,15.0,4.0
15.0,23.0,58.76,30.0,4.0
12.0,19.0,28.67,20.0,4.0
3.0,7.0,75.74,12.0,4.0
8.0,15.0,76.64,12.0,4.0
15.0,31.0,78.16,24.0,4.0
10.0,27.0,85.35,16.0,4.0
13.0,28.0,32.03,81.0,4.0
16.0,25.0,62.31,24.0,4.0
19.0,29.0,62.7,22.0,4.0
19.0,29.0,59.21,23.0,4.0
17.0,28.0,60.38,20.0,4.0
13.0,22.0,56.79,24.0,4.0
15.0,23.0,51.17,31.0,4.0
13.0,22.0,47.37,43.0,4.0
16.0,27.0,60.0,46.0,4.0
18.0,31.0,75.25,44.0,4.0
16.0,32.0,94.78,43.0,4.0
12.0,27.0,116.8,36.0,4.0
10.0,24.0,139.2,33.0,4.0
23.0,38.0,141.6,32.0,4.0
17.0,32.0,141.6,29.0,4.0
14.0,31.0,151.3,19.0,4.0
14.0,34.0,143.9,33.0,4.0
13.0,41.0,149.0,32.0,4.0
27.0,55.0,152.3,36.0,4.0
28.0,57.0,125.7,74.0,4.0
28.0,59.0,64.58,128.0,4.0
25.0,48.0,67.36,77.0,4.0
14.0,21.0,73.79,53.0,4.0
15.0,25.0,76.96,39.0,4.0
15.0,26.0,65.5,46.0,4.0
13.0,24.0,59.62,45.0,4.0
14.0,25.0,52.07,50.0,4.0
15.0,26.0,64.84,35.0,4.0
15.0,25.0,71.37,25.0,4.0
9.0,19.0,65.81,28.0,4.0
9.0,18.0,65.38,28.0,4.0
10.0,20.0,61.91,29.0,4.0
13.0,25.0,59.84,38.0,4.0
13.0,28.0,85.16,28.0,4.0
14.0,29.0,94.14,28.0,4.0
11.0,28.0,110.5,28.0,4.0
17.0,33.0,125.3,33.0,4.0
16.0,33.0,140.1,35.0,4.0
23.0,55.0,147.4,31.0,4.0
26.0,67.0,145.6,29.0,4.0
29.0,70.0,125.4,31.0,4.0
33.0,92.0,123.7,28.0,4.0
40.0,110.0,119.6,33.0,4.0
40.0,117.0,97.66,61.0,4.0
13.0,27.0,83.0,15.0,4.0
22.0,52.0,70.18,35.0,4.0
23.0,42.0,63.5,37.0,4.0
18.0,29.0,62.64,24.0,4.0
23.0,34.0,58.03,38.0,4.0
7.0,18.0,47.01,42.0,4.0
4.0,10.0,83.34,19.0,4.0
9.0,16.0,72.95,19.0,4.0
15.0,29.0,7.94,98.0,4.0
9.0,17.0,68.7,25.0,4.0
6.0,13.0,75.06,23.0,4.0
12.0,19.0,98.6,19.0,4.0
11.0,26.0,87.12,17.0,4.0
14.0,24.0,93.1,17.0,4.0
13.0,26.0,67.72,42.0,4.0
10.0,18.0,70.93,18.0,4.0
9.0,40.0,95.86,15.0,4.0
10.0,22.0,50.83,58.0,4.0
8.0,13.0,67.1,31.0,4.0
7.0,12.0,73.44,21.0,4.0
12.0,19.0,59.38,24.0,4.0
12.0,21.0,54.88,53.0,4.0
12.0,21.0,57.43,44.0,4.0
25.0,35.0,47.99,41.0,4.0
22.0,35.0,14.1,79.0,4.0
22.0,39.0,32.09,79.0,5.0
27.0,51.0,36.07,90.0,5.0
23.0,43.0,90.44,21.0,4.0
17.0,37.0,93.28,20.0,4.0
15.0,28.0,93.37,22.0,4.0
33.0,95.0,99.68,17.0,4.0
9.0,23.0,79.03,21.0,4.0
15.0,32.0,25.62,54.0,4.0
21.0,37.0,16.6,71.0,4.0
19.0,38.0,28.31,60.0,4.0
29.0,50.0,42.88,50.0,4.0
13.0,28.0,81.63,37.0,4.0
21.0,38.0,70.45,33.0,4.0
16.0,24.0,63.41,15.0,4.0
1.0,5.0,63.66,13.0,4.0
16.0,30.0,77.62,18.0,4.0
14.0,21.0,64.94,23.0,4.0
14.0,24.0,70.49,27.0,4.0
21.0,30.0,81.76,23.0,4.0
18.0,25.0,60.3,21.0,4.0
14.0,23.0,59.06,21.0,4.0
30.0,42.0,72.09,35.0,4.0
25.0,39.0,51.81,63.0,5.0
14.0,30.0,82.19,35.0,4.0
27.0,40.0,80.13,11.0,4.0
26.0,37.0,65.3,22.0,4.0
21.0,28.0,52.14,22.0,4.0
38.0,65.0,74.41,24.0,4.0
38.0,63.0,70.08,29.0,4.0
37.0,58.0,78.07,23.0,4.0
45.0,62.0,52.78,36.0,4.0
8.0,12.0,82.81,12.0,4.0
17.0,32.0,7.08,87.0,5.0
3.0,7.0,72.27,20.0,4.0
6.0,10.0,49.47,36.0,4.0
7.0,12.0,50.96,30.0,4.0
8.0,14.0,47.62,30.0,4.0
4.0,9.0,55.84,25.0,4.0
2.0,7.0,59.29,22.0,4.0
5.0,9.0,47.59,33.0,4.0
3.0,7.0,46.53,31.0,4.0
5.0,12.0,51.29,29.0,4.0
3.0,14.0,51.67,34.0,4.0
6.0,17.0,63.81,28.0,4.0
8.0,17.0,67.23,30.0,4.0
9.0,19.0,73.39,31.0,4.0
7.0,19.0,89.3,26.0,4.0
6.0,17.0,104.0,24.0,4.0
13.0,22.0,115.2,20.0,5.0
9.0,18.0,119.8,15.0,5.0
7.0,16.0,118.0,17.0,4.0
9.0,19.0,115.6,23.0,4.0
9.0,32.0,93.3,43.0,4.0
16.0,101.0,46.83,98.0,4.0
13.0,68.0,23.72,112.0,5.0
16.0,46.0,5.8,142.0,5.0
22.0,42.0,4.21,140.0,5.0
23.0,43.0,4.63,151.0,6.0
15.0,31.0,19.5,103.0,5.0
17.0,28.0,19.98,84.0,4.0
11.0,21.0,34.71,52.0,4.0
6.0,13.0,50.51,25.0,4.0
6.0,13.0,52.97,25.0,4.0
6.0,13.0,44.06,36.0,4.0
8.0,15.0,25.66,63.0,4.0
8.0,19.0,13.24,86.0,5.0
12.0,27.0,21.11,78.0,5.0
10.0,25.0,28.91,75.0,4.0
10.0,22.0,51.0,58.0,4.0
14.0,26.0,71.29,42.0,4.0
10.0,23.0,84.71,35.0,4.0
12.0,28.0,91.51,33.0,4.0
7.0,11.0,74.36,18.0,4.0
11.0,16.0,40.81,43.0,4.0
10.0,19.0,37.55,65.0,5.0
12.0,23.0,53.51,45.0,4.0
15.0,30.0,126.2,41.0,5.0
9.0,22.0,126.3,33.0,4.0
14.0,27.0,122.2,39.0,4.0
11.0,28.0,108.3,43.0,4.0
12.0,50.0,66.45,84.0,4.0
15.0,94.0,29.34,124.0,5.0
17.0,91.0,11.99,145.0,5.0
28.0,62.0,5.18,164.0,6.0
32.0,55.0,7.41,140.0,5.0
16.0,32.0,35.88,86.0,5.0
12.0,22.0,51.52,56.0,4.0
11.0,19.0,56.62,40.0,4.0
8.0,15.0,59.43,30.0,4.0
6.0,12.0,59.15,28.0,4.0
6.0,12.0,59.45,28.0,4.0
6.0,12.0,61.56,25.0,4.0
6.0,12.0,58.29,27.0,4.0
6.0,13.0,50.84,32.0,4.0
10.0,17.0,50.16,34.0,4.0
10.0,18.0,56.23,34.0,4.0
5.0,17.0,61.69,48.0,4.0
8.0,24.0,78.38,51.0,4.0
13.0,28.0,102.6,48.0,5.0
11.0,27.0,123.0,42.0,5.0
5.0,17.0,140.5,27.0,5.0
14.0,25.0,148.7,30.0,4.0
16.0,28.0,141.3,37.0,4.0
17.0,36.0,135.9,39.0,4.0
11.0,43.0,86.32,82.0,4.0
19.0,98.0,20.99,145.0,5.0
21.0,102.0,43.77,97.0,4.0
5.0,16.0,46.57,76.0,5.0
9.0,17.0,58.29,54.0,4.0
8.0,16.0,50.46,55.0,5.0
12.0,20.0,65.66,22.0,4.0
6.0,15.0,63.71,14.0,4.0
2.0,9.0,61.53,12.0,4.0
2.0,9.0,59.41,12.0,4.0
7.0,12.0,59.13,12.0,4.0
9.0,13.0,49.53,21.0,4.0
5.0,11.0,27.46,49.0,4.0
4.0,12.0,17.63,61.0,5.0
5.0,9.0,46.39,17.0,4.0
1.0,3.0,51.01,17.0,4.0
1.0,3.0,56.11,15.0,4.0
3.0,8.0,59.14,15.0,4.0
4.0,10.0,51.73,26.0,4.0
2.0,12.0,29.83,58.0,4.0
1.0,2.0,20.42,81.0,5.0
5.0,14.0,60.63,13.0,4.0
5.0,12.0,72.27,17.0,4.0
13.0,31.0,52.94,38.0,4.0
17.0,31.0,12.09,82.0,5.0
10.0,22.0,38.98,57.0,4.0
1.0,8.0,76.62,15.0,4.0
2.0,11.0,73.09,14.0,4.0
2.0,7.0,53.98,26.0,4.0
1.0,8.0,48.86,25.0,4.0
12.0,30.0,7.91,90.0,5.0
10.0,26.0,50.01,27.0,4.0
2.0,6.0,56.88,19.0,4.0
1.0,6.0,50.87,17.0,4.0
6.0,9.0,67.97,17.0,4.0
11.0,21.0,28.65,36.0,4.0
10.0,15.0,26.73,32.0,4.0
7.0,16.0,44.46,21.0,4.0
15.0,22.0,26.16,35.0,4.0
5.0,10.0,19.26,53.0,5.0
15.0,23.0,22.35,64.0,5.0
4.0,6.0,57.38,12.0,5.0
3.0,4.0,54.89,26.0,5.0
3.0,6.0,50.85,25.0,5.0
3.0,6.0,43.38,30.0,5.0
2.0,5.0,43.15,30.0,5.0
4.0,7.0,39.25,34.0,5.0
5.0,8.0,30.51,42.0,5.0
6.0,10.0,33.15,40.0,5.0
8.0,13.0,34.93,41.0,5.0
3.0,10.0,40.56,42.0,5.0
7.0,14.0,46.15,41.0,5.0
1.0,8.0,54.56,36.0,5.0
6.0,13.0,57.58,37.0,5.0
8.0,17.0,64.68,35.0,5.0
13.0,22.0,62.53,34.0,5.0
10.0,18.0,39.4,34.0,5.0
9.0,23.0,17.31,64.0,5.0
7.0,11.0,78.88,14.0,5.0
17.0,34.0,40.16,36.0,5.0
14.0,29.0,21.89,59.0,6.0
20.0,35.0,10.99,89.0,6.0
13.0,18.0,10.94,63.0,5.0
5.0,7.0,33.75,47.0,5.0
1.0,3.0,47.56,28.0,5.0
3.0,9.0,60.73,19.0,5.0
4.0,6.0,37.63,37.0,4.0
7.0,8.0,46.23,31.0,4.0
12.0,21.0,3.5,74.0,5.0
8.0,13.0,35.47,39.0,5.0
3.0,6.0,19.37,65.0,6.0
9.0,11.0,30.95,24.0,5.0
5.0,9.0,57.15,19.0,5.0
1.0,3.0,58.46,18.0,5.0
6.0,13.0,58.08,22.0,5.0
4.0,10.0,53.75,21.0,5.0
11.0,21.0,3.28,71.0,5.0
1.0,4.0,40.22,41.0,5.0
5.0,14.0,50.14,34.0,5.0
7.0,12.0,38.2,27.0,5.0
3.0,6.0,43.85,19.0,5.0
3.0,5.0,40.72,19.0,5.0
3.0,5.0,44.79,22.0,5.0
5.0,9.0,49.82,22.0,5.0
4.0,8.0,51.75,19.0,5.0
4.0,7.0,53.83,22.0,5.0
2.0,6.0,51.93,25.0,5.0
6.0,13.0,53.33,26.0,5.0
8.0,16.0,53.57,31.0,5.0
7.0,15.0,67.64,21.0,5.0
10.0,18.0,64.21,21.0,5.0
11.0,18.0,58.92,31.0,5.0
4.0,10.0,69.79,24.0,5.0
9.0,14.0,64.57,26.0,5.0
5.0,12.0,61.62,27.0,5.0
4.0,10.0,46.72,37.0,5.0
4.0,8.0,37.66,46.0,5.0
8.0,13.0,33.23,51.0,5.0
9.0,14.0,20.19,65.0,5.0
13.0,19.0,21.04,61.0,5.0
11.0,16.0,29.46,45.0,5.0
8.0,12.0,36.87,33.0,5.0
1.0,3.0,36.34,34.0,5.0
1.0,5.0,53.66,20.0,5.0
2.0,5.0,60.79,16.0,5.0
1.0,3.0,65.05,13.0,5.0
1.0,2.0,59.68,16.0,5.0
1.0,3.0,52.02,29.0,5.0
2.0,5.0,21.69,64.0,5.0
5.0,11.0,8.34,92.0,5.0
9.0,15.0,7.59,91.0,6.0
8.0,17.0,11.88,77.0,5.0
11.0,19.0,22.12,62.0,5.0
7.0,12.0,22.03,38.0,8.0
7.0,19.0,37.32,39.0,6.0
8.0,19.0,54.19,22.0,6.0
10.0,18.0,25.35,35.0,6.0
12.0,17.0,33.66,23.0,6.0
10.0,16.0,21.58,58.0,6.0
4.0,7.0,42.73,34.0,7.0
3.0,7.0,45.4,32.0,6.0
22.0,34.0,31.51,54.0,8.0
14.0,22.0,43.65,43.0,7.0
5.0,12.0,37.09,49.0,7.0
8.0,16.0,26.96,57.0,7.0
11.0,20.0,11.58,75.0,7.0
13.0,24.0,9.02,84.0,7.0
13.0,25.0,6.56,91.0,8.0
12.0,23.0,6.75,88.0,8.0
15.0,27.0,9.3,75.0,7.0
16.0,26.0,6.74,84.0,7.0
17.0,29.0,6.56,80.0,7.0
20.0,32.0,6.65,72.0,7.0
16.0,26.0,7.19,60.0,7.0
15.0,23.0,8.11,55.0,7.0
11.0,20.0,7.33,52.0,6.0
12.0,21.0,6.56,53.0,7.0
15.0,24.0,6.48,52.0,7.0
17.0,26.0,8.58,47.0,6.0
20.0,28.0,15.55,42.0,6.0
24.0,32.0,13.67,48.0,7.0
25.0,32.0,16.68,46.0,6.0
25.0,32.0,16.76,50.0,7.0
25.0,34.0,19.87,52.0,7.0
23.0,30.0,24.77,51.0,7.0
20.0,26.0,25.15,53.0,7.0
23.0,31.0,16.98,61.0,7.0
25.0,34.0,9.15,71.0,7.0
21.0,31.0,6.72,75.0,7.0
20.0,31.0,6.47,80.0,8.0
23.0,35.0,6.66,84.0,8.0
26.0,38.0,6.72,75.0,8.0
25.0,34.0,6.87,67.0,7.0
17.0,24.0,6.48,69.0,8.0
27.0,37.0,6.81,68.0,8.0
27.0,35.0,6.92,65.0,7.0
26.0,33.0,7.37,59.0,7.0
19.0,26.0,18.44,41.0,6.0
21.0,26.0,9.85,52.0,6.0
24.0,30.0,6.49,56.0,7.0
26.0,33.0,7.11,58.0,7.0
22.0,30.0,6.83,62.0,7.0
26.0,35.0,6.87,67.0,7.0
31.0,42.0,7.52,66.0,8.0
25.0,36.0,7.97,65.0,8.0
26.0,38.0,8.29,66.0,8.0
31.0,46.0,8.8,68.0,9.0
31.0,47.0,9.81,67.0,9.0
37.0,51.0,9.94,70.0,10.0
41.0,55.0,10.06,71.0,10.0
42.0,60.0,8.25,79.0,9.0
1.0,2.0,60.61,28.0,7.0
1.0,3.0,57.03,28.0,6.0
1.0,4.0,62.88,22.0,6.0
3.0,8.0,55.66,28.0,7.0
12.0,20.0,16.04,61.0,8.0
18.0,29.0,4.41,78.0,8.0
18.0,27.0,4.78,70.0,7.0
22.0,30.0,4.56,78.0,9.0
19.0,26.0,4.25,62.0,8.0
21.0,30.0,4.34,62.0,9.0
16.0,22.0,5.24,51.0,8.0
4.0,9.0,39.87,33.0,10.0
4.0,9.0,48.9,24.0,9.0
24.0,47.0,18.23,100.0,13.0
15.0,30.0,27.2,85.0,12.0
10.0,24.0,40.84,66.0,12.0
7.0,24.0,42.99,61.0,13.0
4.0,18.0,30.81,71.0,16.0
3.0,10.0,21.16,85.0,14.0
6.0,12.0,16.23,93.0,19.0
7.0,13.0,12.63,94.0,16.0
7.0,18.0,7.07,112.0,18.0
8.0,22.0,12.66,101.0,11.0
6.0,15.0,42.65,44.0,10.0
3.0,8.0,39.8,43.0,9.0
3.0,7.0,48.73,30.0,9.0
1.0,4.0,49.67,27.0,9.0
4.0,7.0,52.18,26.0,8.0
3.0,9.0,57.47,20.0,8.0
2.0,9.0,27.39,41.0,8.0
4.0,10.0,10.32,73.0,9.0
9.0,21.0,6.22,101.0,10.0
10.0,21.0,14.8,91.0,12.0
7.0,17.0,18.46,89.0,13.0
7.0,19.0,28.65,75.0,12.0
7.0,15.0,40.33,62.0,13.0
6.0,7.0,46.76,54.0,11.0
3.0,9.0,51.39,51.0,11.0
6.0,12.0,53.47,50.0,11.0
7.0,12.0,59.11,46.0,9.0
5.0,12.0,50.34,59.0,13.0
5.0,14.0,34.69,76.0,15.0
5.0,13.0,26.63,82.0,14.0
7.0,15.0,25.26,81.0,13.0
7.0,13.0,20.8,84.0,14.0
6.0,14.0,29.86,65.0,12.0
5.0,10.0,34.41,56.0,11.0
8.0,11.0,40.47,51.0,10.0
3.0,7.0,53.74,32.0,9.0
3.0,8.0,47.74,36.0,10.0
5.0,7.0,63.06,18.0,10.0
3.0,8.0,48.85,31.0,9.0
4.0,15.0,55.12,27.0,9.0
3.0,9.0,35.76,43.0,8.0
4.0,13.0,7.34,79.0,8.0
4.0,17.0,5.43,111.0,10.0
9.0,34.0,5.27,139.0,11.0
16.0,47.0,11.58,127.0,12.0
25.0,34.0,5.69,112.0,12.0
25.0,36.0,5.63,85.0,11.0
23.0,33.0,5.17,71.0,10.0
20.0,28.0,5.18,65.0,9.0
20.0,28.0,5.61,77.0,9.0
24.0,33.0,5.41,86.0,12.0
24.0,37.0,5.78,108.0,13.0
21.0,43.0,5.77,137.0,13.0
3.0,6.0,69.96,14.0,7.0
2.0,5.0,65.13,17.0,7.0
3.0,6.0,68.34,15.0,7.0
4.0,7.0,65.63,19.0,7.0
2.0,6.0,70.71,15.0,8.0
3.0,7.0,62.95,23.0,7.0
4.0,9.0,53.8,38.0,8.0
10.0,17.0,22.93,81.0,8.0
5.0,17.0,8.7,107.0,9.0
10.0,26.0,18.23,94.0,9.0
5.0,23.0,18.37,95.0,10.0
6.0,22.0,42.08,68.0,8.0
3.0,16.0,56.74,46.0,8.0
4.0,19.0,58.63,43.0,8.0
2.0,13.0,59.93,42.0,8.0
2.0,12.0,57.05,48.0,8.0
4.0,15.0,49.04,58.0,8.0
5.0,14.0,34.81,75.0,8.0
6.0,14.0,35.94,72.0,8.0
8.0,16.0,42.16,61.0,8.0
5.0,11.0,47.22,51.0,8.0
7.0,13.0,57.16,38.0,8.0
6.0,10.0,64.49,17.0,7.0
7.0,10.0,68.19,12.0,7.0
4.0,8.0,66.83,13.0,7.0
4.0,8.0,70.54,13.0,8.0
2.0,9.0,70.11,16.0,7.0
2.0,9.0,49.23,46.0,8.0
7.0,15.0,31.55,72.0,8.0
6.0,18.0,15.7,99.0,9.0
9.0,26.0,19.53,96.0,9.0
8.0,22.0,27.1,82.0,8.0
9.0,21.0,30.02,72.0,8.0
6.0,19.0,30.93,70.0,9.0
13.0,25.0,36.23,64.0,8.0
15.0,26.0,40.95,64.0,8.0
10.0,22.0,43.96,53.0,8.0
10.0,18.0,42.18,57.0,8.0
9.0,20.0,36.23,62.0,8.0
4.0,17.0,29.91,70.0,8.0
7.0,20.0,27.37,67.0,8.0
6.0,17.0,37.04,67.0,8.0
6.0,12.0,57.34,41.0,8.0
4.0,9.0,68.87,25.0,8.0
3.0,6.0,64.84,30.0,7.0
6.0,7.0,71.95,18.0,7.0
2.0,3.0,77.93,11.0,7.0
3.0,5.0,75.86,11.0,7.0
1.0,6.0,79.88,8.0,7.0
2.0,4.0,75.08,11.0,7.0
3.0,6.0,57.08,34.0,8.0
3.0,4.0,26.94,79.0,8.0
5.0,7.0,12.74,106.0,9.0
11.0,14.0,23.93,90.0,9.0
6.0,9.0,43.29,68.0,9.0
9.0,12.0,50.23,61.0,8.0
5.0,9.0,57.31,56.0,8.0
7.0,10.0,59.29,55.0,8.0
12.0,15.0,61.31,55.0,8.0
11.0,14.0,61.23,50.0,8.0
11.0,15.0,54.97,57.0,8.0
9.0,12.0,43.04,71.0,8.0
9.0,12.0,45.24,63.0,8.0
6.0,34.0,40.29,65.0,7.0
5.0,12.0,37.8,61.0,7.0
8.0,26.0,35.69,56.0,7.0
5.0,28.0,43.92,39.0,7.0
8.0,24.0,49.8,17.0,7.0
4.0,5.0,52.49,13.0,7.0
1.0,4.0,54.6,9.0,7.0
2.0,35.0,52.24,10.0,7.0
2.0,15.0,52.14,15.0,7.0
3.0,16.0,43.67,30.0,7.0
5.0,12.0,37.01,51.0,7.0
4.0,6.0,32.88,61.0,7.0
3.0,7.0,32.83,61.0,7.0
2.0,8.0,33.35,61.0,7.0
7.0,11.0,41.57,50.0,7.0
11.0,18.0,46.77,45.0,8.0
10.0,12.0,48.84,43.0,8.0
7.0,9.0,49.82,41.0,8.0
9.0,11.0,48.91,40.0,7.0
4.0,5.0,45.17,43.0,7.0
3.0,4.0,43.36,45.0,7.0
4.0,5.0,46.3,44.0,7.0
5.0,6.0,42.66,48.0,7.0
5.0,6.0,48.05,39.0,7.0
4.0,6.0,52.24,36.0,7.0
4.0,10.0,43.01,36.0,7.0
6.0,11.0,45.66,27.0,7.0
1.0,1.0,61.68,28.0,7.0
1.0,3.0,40.42,64.0,7.0
5.0,16.0,33.04,82.0,7.0
4.0,8.0,36.79,75.0,8.0
7.0,9.0,60.7,43.0,7.0
8.0,9.0,55.84,48.0,7.0
9.0,13.0,52.48,47.0,7.0
3.0,5.0,52.76,64.0,7.0
1.0,5.0,72.0,31.0,7.0
1.0,5.0,67.3,32.0,7.0
1.0,2.0,71.2,16.0,7.0
2.0,5.0,72.17,18.0,7.0
3.0,9.0,51.61,48.0,10.0
2.0,8.0,60.01,37.0,8.0
7.0,11.0,60.5,36.0,8.0
5.0,10.0,63.65,32.0,8.0
2.0,6.0,64.67,31.0,10.0
6.0,9.0,70.04,25.0,12.0
10.0,13.0,68.81,25.0,11.0
5.0,7.0,49.74,48.0,13.0
2.0,5.0,45.97,53.0,9.0
8.0,13.0,24.76,74.0,8.0
7.0,13.0,30.65,64.0,8.0
1.0,3.0,65.74,19.0,7.0
4.0,8.0,56.22,25.0,7.0
1.0,4.0,41.17,38.0,7.0
3.0,7.0,27.75,59.0,8.0
4.0,9.0,27.19,61.0,9.0
6.0,12.0,48.4,47.0,9.0
9.0,13.0,64.2,34.0,8.0
4.0,6.0,67.26,30.0,8.0
1.0,3.0,69.37,28.0,8.0
1.0,5.0,67.13,31.0,10.0
4.0,6.0,67.76,27.0,13.0
5.0,8.0,64.42,28.0,13.0
5.0,8.0,58.89,35.0,12.0
5.0,8.0,42.4,53.0,14.0
3.0,6.0,32.85,66.0,13.0
1.0,5.0,23.35,76.0,14.0
2.0,6.0,26.74,69.0,11.0
3.0,7.0,23.25,69.0,14.0
8.0,11.0,16.56,74.0,10.0
7.0,12.0,9.3,77.0,8.0
10.0,20.0,3.7,106.0,10.0
15.0,37.0,6.09,129.0,13.0
17.0,33.0,23.21,76.0,10.0
19.0,35.0,21.99,91.0,11.0
21.0,36.0,22.46,95.0,11.0
15.0,28.0,26.38,96.0,11.0
18.0,30.0,22.89,103.0,10.0
23.0,38.0,13.8,109.0,10.0
21.0,34.0,14.47,99.0,9.0
14.0,25.0,12.32,98.0,9.0
13.0,26.0,7.35,102.0,10.0
12.0,28.0,5.26,122.0,11.0
14.0,30.0,5.11,128.0,11.0
21.0,38.0,5.51,131.0,12.0
22.0,35.0,5.18,91.0,11.0
22.0,39.0,4.89,108.0,11.0
19.0,40.0,5.29,142.0,12.0
19.0,47.0,5.7,163.0,16.0
9.0,21.0,14.63,98.0,11.0
4.0,10.0,63.03,51.0,11.0
7.0,16.0,23.08,94.0,11.0
6.0,13.0,15.01,93.0,13.0
3.0,9.0,33.16,63.0,10.0
6.0,12.0,20.5,58.0,9.0
12.0,19.0,4.33,100.0,11.0
9.0,25.0,3.76,126.0,13.0
13.0,34.0,8.4,113.0,12.0
11.0,28.0,15.71,95.0,15.0
13.0,27.0,28.48,82.0,13.0
9.0,22.0,51.03,63.0,10.0
11.0,23.0,55.09,63.0,11.0
11.0,24.0,61.34,63.0,10.0
12.0,23.0,62.47,57.0,9.0
12.0,27.0,58.26,63.0,8.0
6.0,21.0,34.02,91.0,9.0
21.0,78.0,4.14,170.0,17.0
17.0,37.0,3.84,150.0,19.0
18.0,34.0,3.75,128.0,13.0
9.0,24.0,27.53,84.0,10.0
12.0,27.0,32.94,83.0,9.0
12.0,25.0,43.85,67.0,9.0
11.0,23.0,57.39,48.0,8.0
9.0,22.0,60.63,46.0,8.0
12.0,26.0,63.34,48.0,8.0
12.0,24.0,65.13,46.0,8.0
12.0,33.0,40.17,82.0,8.0
7.0,38.0,18.13,107.0,9.0
11.0,47.0,4.44,144.0,20.0
20.0,40.0,4.05,142.0,16.0
19.0,35.0,9.03,109.0,10.0
15.0,28.0,58.32,64.0,11.0
14.0,26.0,59.94,70.0,11.0
14.0,29.0,51.87,75.0,9.0
16.0,58.0,4.13,143.0,11.0
21.0,74.0,4.02,163.0,14.0
27.0,72.0,4.45,179.0,18.0
30.0,62.0,4.11,146.0,14.0
28.0,54.0,3.68,134.0,15.0
23.0,48.0,3.69,122.0,13.0
12.0,17.0,35.12,49.0,11.0
9.0,14.0,41.99,45.0,14.0
6.0,14.0,77.29,27.0,8.0
6.0,17.0,80.87,22.0,8.0
6.0,16.0,86.43,28.0,8.0
5.0,22.0,77.33,40.0,7.0
9.0,49.0,14.55,112.0,10.0
7.0,28.0,30.91,82.0,10.0
9.0,22.0,40.71,42.0,8.0
12.0,20.0,49.55,32.0,8.0
12.0,17.0,44.22,36.0,8.0
10.0,17.0,48.96,28.0,8.0
14.0,19.0,45.52,33.0,8.0
12.0,18.0,24.8,55.0,8.0
8.0,17.0,9.45,88.0,9.0
14.0,24.0,7.97,105.0,10.0
12.0,31.0,13.67,98.0,11.0
15.0,34.0,21.99,86.0,11.0
19.0,34.0,30.64,76.0,12.0
16.0,31.0,41.02,69.0,10.0
12.0,28.0,51.55,55.0,9.0
11.0,33.0,59.41,51.0,9.0
12.0,39.0,56.28,52.0,8.0
9.0,40.0,40.09,74.0,8.0
8.0,49.0,12.96,113.0,11.0
14.0,50.0,7.43,120.0,17.0
15.0,39.0,5.06,125.0,15.0
16.0,42.0,6.71,106.0,10.0
13.0,35.0,38.65,55.0,9.0
12.0,34.0,44.46,45.0,8.0
21.0,47.0,4.81,118.0,15.0
26.0,54.0,9.13,124.0,16.0
12.0,35.0,51.94,67.0,10.0
22.0,53.0,19.95,92.0,9.0
20.0,44.0,19.03,87.0,9.0
17.0,39.0,16.46,92.0,9.0
19.0,43.0,5.98,87.0,8.0
26.0,56.0,11.14,110.0,12.0
22.0,47.0,23.89,97.0,11.0
19.0,40.0,41.82,69.0,10.0
17.0,40.0,48.09,63.0,10.0
22.0,46.0,50.84,61.0,11.0
22.0,50.0,57.33,55.0,9.0
21.0,58.0,62.62,50.0,8.0
15.0,56.0,39.6,79.0,8.0
11.0,59.0,33.08,85.0,8.0
16.0,75.0,12.58,117.0,9.0
22.0,83.0,4.3,147.0,11.0
27.0,78.0,4.92,145.0,12.0
27.0,69.0,5.83,135.0,11.0
25.0,62.0,6.03,129.0,12.0
22.0,54.0,10.78,84.0,10.0
17.0,43.0,27.28,50.0,9.0
19.0,47.0,14.26,65.0,9.0
24.0,54.0,5.86,102.0,11.0
22.0,60.0,21.71,81.0,12.0
23.0,58.0,37.36,66.0,11.0
17.0,56.0,41.02,87.0,8.0
12.0,71.0,17.24,129.0,8.0
18.0,108.0,4.2,173.0,12.0
28.0,69.0,4.44,140.0,14.0
24.0,57.0,15.81,96.0,10.0
17.0,45.0,24.28,75.0,9.0
15.0,42.0,28.82,66.0,9.0
13.0,38.0,36.47,49.0,9.0
10.0,29.0,25.34,61.0,9.0
20.0,46.0,4.93,124.0,13.0
21.0,55.0,10.14,113.0,13.0
17.0,50.0,23.99,86.0,12.0
16.0,46.0,35.95,79.0,11.0
19.0,51.0,45.0,77.0,13.0
12.28,11.8,67.5,8.5,0.0
9.53,10.73,67.75,8.5,0.0
8.2,12.83,69.25,9.25,0.0
4.73,7.1,66.0,11.5,0.0
1.53,5.65,79.5,9.75,0.0
3.1,9.23,40.25,47.0,0.0
5.08,10.33,17.0,70.25,0.0
4.5,11.95,23.75,64.75,0.0
7.2,7.05,22.75,63.0,0.0
10.4,11.0,26.75,57.5,0.0
9.53,11.78,33.5,49.5,0.0
11.58,18.13,42.5,38.0,0.0
8.2,20.03,52.75,29.0,0.0
7.4,20.98,55.75,26.0,0.0
7.1,18.73,54.0,29.5,0.0
8.68,12.13,42.25,40.5,0.0
9.4,12.38,25.25,57.5,0.0
8.1,9.18,20.25,61.5,0.0
9.7,16.6,15.25,66.0,0.0
16.48,16.8,5.0,77.0,0.0
11.83,17.05,13.5,62.0,0.0
16.78,22.73,9.75,61.5,0.0
15.3,23.45,8.25,60.0,0.0
8.15,18.23,12.0,51.75,0.0
7.5,22.0,25.5,33.75,0.33
11.08,12.65,35.0,22.0,0.25
8.53,9.48,46.0,14.75,0.25
6.33,15.73,39.25,20.5,0.25
10.83,18.85,15.25,50.25,1.0
14.2,21.95,28.75,38.25,1.0
14.7,18.63,43.0,25.0,0.75
14.3,20.63,42.0,25.75,1.0
13.6,22.93,29.0,39.25,1.0
12.73,24.3,22.25,48.25,1.0
13.48,22.5,17.25,52.5,1.0
14.08,23.7,17.0,55.0,0.5
12.23,24.15,18.5,48.5,1.0
17.38,26.8,12.25,51.25,1.0
15.43,28.13,16.0,43.25,0.75
17.08,21.78,30.25,27.5,1.0
16.3,20.53,32.25,24.0,1.0
17.7,22.55,18.75,35.75,0.75
16.2,27.35,20.0,30.75,1.0
17.58,21.7,28.25,21.0,1.0
19.9,20.8,33.5,15.0,1.0
17.63,22.25,34.75,15.0,0.67
16.7,26.5,29.25,16.0,1.0
23.45,25.73,23.0,21.0,1.0
23.9,27.98,18.0,26.5,1.0
22.53,25.53,22.25,24.0,1.0
25.58,27.35,23.75,22.25,1.0
20.33,22.35,26.75,20.0,1.5
18.5,17.85,31.5,18.0,1.0
17.93,21.4,32.0,16.0,1.0
18.0,12.85,32.0,15.25,1.0
14.5,15.55,31.25,15.0,1.0
12.63,12.4,29.75,15.0,1.0
10.4,13.28,26.0,16.75,1.0
10.5,12.58,21.25,19.0,1.0
16.58,10.6,15.0,24.75,1.0
9.85,10.55,12.5,26.0,1.0
14.68,13.38,11.5,26.5,1.0
11.83,11.73,12.25,25.25,0.75
15.18,13.78,14.25,22.0,0.25
8.53,12.28,16.75,18.75,0.5
10.28,9.33,21.5,14.0,0.25
12.5,12.15,25.0,10.25,0.5
8.03,8.43,26.0,9.0,0.0
10.0,11.38,26.5,8.25,0.0
8.5,9.28,26.25,8.0,0.25
9.78,8.68,26.75,8.25,0.0
14.08,7.2,24.75,10.25,0.25
14.4,18.8,5.75,32.5,0.25
12.43,11.18,7.5,28.5,0.25
18.45,17.8,10.5,25.0,0.0
25.75,17.9,14.0,20.5,0.0
16.75,18.23,18.25,14.75,0.0
16.9,21.63,20.0,12.75,0.0
13.63,17.13,17.25,17.75,0.25
16.98,19.9,17.75,16.75,0.0
22.68,26.3,7.5,28.25,0.25
18.73,25.33,2.5,33.75,0.0
19.5,26.33,0.0,35.75,0.0
20.58,28.18,0.25,36.0,0.25
25.38,26.28,1.0,31.75,0.0
19.73,25.1,3.0,28.25,0.0
24.78,25.35,2.75,25.5,0.25
23.9,28.48,1.5,27.0,0.0
24.8,26.35,0.0,29.5,0.0
22.33,22.25,0.0,26.75,1.0
24.2,25.28,0.0,26.5,1.0
21.73,23.4,0.0,25.75,1.0
19.73,22.98,0.0,25.75,1.0
36.9,37.68,0.0,27.5,1.0
22.1,27.85,0.0,29.75,1.25
28.98,31.88,0.0,36.25,1.5
23.83,35.55,0.0,38.0,1.5
27.68,31.4,0.0,30.0,1.25
32.38,38.3,0.0,28.75,1.5
31.6,39.28,2.0,23.75,1.0
25.15,30.93,4.25,21.0,1.25
26.0,25.33,3.25,19.25,1.0
21.63,34.25,2.5,17.75,1.25
22.9,31.23,2.75,22.5,1.0
23.9,33.3,2.0,26.75,1.0
20.03,25.55,2.5,31.0,1.0
12.93,16.98,11.25,30.25,1.0
10.4,14.23,18.25,26.5,1.0
12.1,17.03,21.0,24.5,0.75
12.4,18.38,25.25,20.25,1.0
10.7,16.68,30.5,16.0,1.0
9.43,14.55,34.25,13.75,1.25
11.28,10.78,36.75,13.0,1.25
7.13,8.93,40.75,10.5,1.0
7.5,10.45,40.75,9.5,1.5
8.6,8.43,41.75,9.75,2.0
7.6,8.63,40.75,12.0,1.5
6.63,10.5,36.0,17.5,1.75
6.3,10.38,20.5,35.75,1.75
8.18,9.35,15.75,41.0,1.25
8.5,13.03,9.75,44.5,1.0
17.75,15.65,3.75,55.0,1.25
14.33,20.3,3.75,60.5,1.5
11.43,19.85,16.5,41.5,1.25
9.63,16.35,34.5,28.5,2.0
10.0,19.08,37.0,28.25,1.5
8.93,9.83,36.25,27.5,1.5
9.3,19.38,33.0,31.5,1.5
9.4,17.6,28.75,34.25,2.0
9.3,24.03,6.75,58.75,2.0
18.85,31.5,1.0,65.75,1.75
16.8,32.38,0.0,64.0,2.0
23.48,37.85,1.0,62.75,2.0
17.05,28.78,0.0,57.5,1.5
25.08,28.23,0.5,55.0,1.75
22.93,29.75,0.25,47.5,1.25
21.0,26.43,0.25,47.75,1.5
19.8,20.95,4.0,40.25,0.0
20.8,16.55,26.0,21.5,0.0
12.55,11.08,28.75,16.75,0.0
10.7,16.13,22.5,21.25,0.5
12.18,14.53,19.25,27.25,0.0
15.88,16.73,8.75,37.25,0.0
12.23,18.3,1.5,48.5,0.25
17.98,24.2,0.0,61.25,0.75
10.93,18.4,0.0,60.25,0.5
11.1,24.43,1.33,53.67,0.33
18.15,25.38,1.25,60.5,1.0
20.48,23.2,6.75,51.25,0.5
31.55,35.45,12.75,48.25,1.0
19.28,26.15,20.75,43.75,1.0
19.3,29.78,13.75,58.0,0.75
19.7,27.65,12.5,57.0,1.25
15.63,23.55,11.75,58.0,0.75
18.38,21.0,10.0,51.75,0.5
20.38,15.53,16.5,44.5,1.0
16.93,23.28,15.25,49.5,0.75
15.1,16.85,22.25,25.25,1.0
17.38,12.28,18.75,24.0,1.25
20.98,18.3,13.25,26.75,1.0
24.38,18.23,8.5,31.25,1.0
24.9,26.43,4.75,38.5,1.0
20.83,27.93,1.25,46.5,1.5
22.98,29.63,0.0,51.5,1.0
23.8,38.18,0.0,51.75,1.0
25.88,36.95,0.25,55.25,1.0
36.45,46.23,1.0,52.5,1.0
33.63,41.7,2.5,51.0,1.0
36.3,41.28,3.5,46.25,1.0
31.05,36.75,2.5,53.5,0.5
32.28,40.28,0.0,61.75,1.0
30.9,38.73,0.0,59.5,1.0
40.98,48.48,0.25,48.5,0.75
36.73,41.23,0.0,46.25,1.0
35.83,43.18,0.0,39.75,1.25
34.4,41.5,0.0,36.0,1.0
37.48,40.4,0.0,33.25,1.0
30.53,39.68,0.0,31.25,1.0
24.23,36.98,3.25,28.25,1.0
27.28,29.25,4.5,30.75,1.0
21.13,25.63,16.0,20.0,1.0
23.48,21.75,15.0,21.25,1.0
28.25,31.83,16.0,20.25,2.0
16.58,19.48,22.25,16.25,2.0
18.9,25.15,25.0,16.75,2.0
19.6,21.45,25.5,17.75,1.75
21.5,18.75,24.25,17.75,1.5
18.83,22.2,20.75,22.0,1.0
19.6,22.65,22.0,23.0,1.0
25.05,25.33,14.25,29.5,1.5
25.8,25.95,3.0,41.5,1.5
26.6,30.48,13.0,32.0,1.0
22.43,28.55,16.25,32.25,1.25
27.08,25.93,22.25,27.25,1.25
23.53,27.85,21.25,26.5,1.0
23.9,24.45,21.25,23.75,1.0
20.45,27.58,20.75,22.0,1.25
26.48,25.7,15.75,25.0,2.0
23.03,25.93,12.0,24.0,2.33
23.9,28.25,8.0,32.67,2.0
27.85,26.03,4.75,30.75,2.0
25.2,26.73,2.25,32.25,2.0
27.98,28.43,3.0,28.5,1.75
26.9,30.5,2.5,28.0,1.0
28.8,29.4,0.0,37.25,1.5
32.1,37.03,2.0,39.75,1.75
30.9,31.63,7.0,31.5,2.75
34.78,33.58,14.5,28.25,3.0
34.5,32.78,20.0,23.75,2.0
28.43,31.3,21.25,27.75,2.0
26.6,31.98,18.25,32.0,2.25
38.73,41.93,1.25,50.75,1.75
36.33,44.33,1.25,58.0,1.5
44.45,46.0,1.0,52.5,1.0
30.63,31.35,11.75,35.5,1.0
23.35,27.85,25.75,20.25,1.0
19.63,23.25,33.5,16.5,1.0
11.28,13.23,41.75,14.75,1.0
15.35,14.63,41.25,16.5,0.0
15.6,15.33,41.75,12.5,0.25
11.23,8.85,43.75,12.25,0.5
11.28,11.5,39.0,16.75,0.5
11.5,11.7,25.25,26.25,0.5
10.73,12.85,7.75,42.0,0.5
16.45,17.28,4.25,45.0,0.75
12.13,21.83,10.75,37.0,0.25
13.2,16.25,22.5,30.0,0.25
11.63,12.68,34.0,24.75,0.5
8.1,7.65,54.0,14.0,1.0
3.83,5.35,55.75,14.5,0.5
1.43,8.58,52.5,18.25,0.5
2.1,7.3,52.0,20.25,1.0
5.3,6.55,36.0,37.75,0.75
6.4,9.38,34.25,39.0,1.0
7.1,7.58,58.25,15.75,1.0
5.7,12.98,62.5,11.0,1.0
12.15,11.6,59.75,13.25,1.0
6.93,10.65,64.5,8.25,1.25
3.53,7.1,56.0,14.25,1.0
2.5,6.38,57.25,13.25,0.0
3.7,5.83,64.0,6.5,0.0
4.48,7.5,70.25,3.25,0.0
6.78,7.28,69.0,6.25,0.0
6.9,6.73,56.0,17.5,0.0
2.73,8.53,55.25,20.25,0.0
1.13,10.45,54.75,24.75,0.0
5.78,12.95,50.25,27.25,0.0
5.2,9.68,59.5,22.75,0.0
4.6,7.65,58.5,22.75,0.0
10.75,10.88,65.0,14.5,0.0
9.23,21.9,72.25,10.5,0.0
8.9,21.25,66.5,15.75,0.0
7.03,10.93,67.25,13.25,0.0
6.6,12.28,67.25,14.5,0.0
7.58,9.75,65.0,18.0,0.0
3.93,8.55,70.0,18.5,0.0
0.13,12.08,70.75,14.5,0.0
1.3,10.4,79.75,6.75,0.0
3.58,9.15,82.0,4.5,0.0
4.78,5.55,84.75,4.25,0.0
2.83,1.88,83.25,3.25,0.0
0.0,7.08,82.5,2.0,0.0
3.48,5.2,82.0,2.5,0.25
6.68,4.88,79.5,3.5,0.0
8.48,9.05,73.75,7.75,0.0
8.0,11.68,71.25,10.75,0.0
5.93,9.28,58.0,23.0,0.0
11.25,7.08,57.25,22.75,0.0
9.43,5.43,57.0,23.0,0.0
6.83,13.4,55.5,21.0,0.0
8.08,19.43,58.5,15.75,0.0
9.18,20.4,64.5,14.25,0.0
7.3,20.03,67.25,10.5,0.0
9.38,22.03,67.75,10.25,0.0
10.48,24.58,67.5,12.0,0.0
12.58,24.2,56.25,21.75,0.0
8.13,16.33,50.0,25.0,0.0
8.6,17.5,49.25,24.0,0.0
7.0,11.15,51.75,22.0,0.0
8.4,14.6,57.5,16.0,0.0
9.78,14.08,59.75,11.25,0.0
6.93,12.28,49.25,20.75,0.0
5.8,17.45,46.25,19.25,0.0
9.75,13.73,54.75,11.25,0.0
3.63,12.88,71.5,7.75,0.33
6.58,12.7,71.75,7.5,1.0
8.5,11.1,43.0,29.75,0.5
5.93,13.2,48.5,23.75,0.25
5.8,13.5,45.75,24.0,0.75
4.8,14.58,27.75,45.0,0.0
6.6,8.48,41.0,32.5,0.0
7.08,7.9,55.75,26.5,0.0
6.43,10.2,63.75,24.0,0.0
10.88,10.0,48.0,41.0,0.0
8.53,9.7,39.75,46.67,0.0
10.2,9.7,31.0,0.0,0.0
6.83,16.45,24.25,63.5,0.0
9.23,15.7,52.5,22.5,0.0
8.5,15.0,44.5,30.0,0.0
6.7,13.03,39.0,29.25,2.67
4.43,9.83,44.33,24.0,2.25
8.18,12.5,43.67,23.5,2.0
7.8,11.53,45.5,20.0,2.0
7.33,9.83,44.75,20.0,2.0
6.23,8.53,44.0,19.75,2.0
5.1,9.5,44.25,21.0,2.0
4.4,7.5,46.5,25.75,2.0
6.98,7.6,52.75,21.5,2.0
6.6,5.1,60.0,19.0,2.25
6.6,4.03,59.0,19.5,2.0
3.83,4.3,52.75,25.0,2.25
5.78,4.2,35.75,38.0,2.25
7.1,3.2,41.75,31.75,2.0
5.03,4.3,61.0,10.75,2.5
3.3,5.28,61.25,13.5,2.5
5.1,12.25,59.5,14.5,2.5
5.5,10.03,48.25,24.0,2.75
5.8,5.83,55.75,14.75,3.0
4.13,5.8,60.5,14.0,3.0
9.48,11.2,60.75,13.5,4.0
6.1,8.43,58.0,14.5,3.75
3.23,6.03,56.0,13.25,0.0
4.38,6.1,54.5,12.0,0.0
5.78,7.7,54.5,11.67,0.33
4.33,5.03,57.75,12.0,1.0
7.88,3.2,55.25,14.5,0.75
7.5,10.78,48.25,20.5,0.5
7.5,11.4,43.5,15.25,0.0
11.68,11.5,42.5,19.75,0.0
13.1,18.65,36.25,26.0,0.5
13.98,14.53,37.0,27.5,0.0
13.7,12.03,33.0,22.5,0.0
10.53,17.55,33.25,21.5,0.0
14.55,16.9,31.0,24.75,0.0
11.63,12.83,34.0,25.25,0.0
13.08,11.9,31.25,23.0,0.0
10.33,10.5,21.0,35.25,0.0
9.9,8.33,14.75,42.75,0.0
15.15,8.6,5.5,54.5,0.0
18.98,10.18,2.5,59.0,0.0
14.25,19.25,1.5,58.75,0.0
5.68,10.9,46.5,8.75,0.0
3.43,8.8,51.0,5.5,0.0
2.4,6.7,53.25,3.75,0.0
2.1,3.23,53.0,2.0,0.0
1.7,1.1,48.25,5.0,0.0
1.1,2.9,46.5,5.75,0.0
0.6,2.5,39.25,14.0,0.0
1.5,7.28,28.5,28.0,0.0
3.4,6.43,8.0,55.0,0.0
4.2,6.2,5.75,61.0,0.0
3.0,5.1,11.0,56.25,0.0
1.73,9.28,29.5,34.5,0.0
1.5,7.8,46.0,18.25,0.0
9.63,6.63,57.25,13.75,0.0
10.0,9.1,46.25,36.25,0.75
6.63,9.2,48.75,40.75,0.75
13.15,11.3,59.75,23.0,1.0
9.45,17.68,52.0,27.25,1.0
13.38,17.63,63.5,19.0,1.0
9.15,16.0,59.0,16.75,1.0
10.5,17.1,41.5,31.75,0.0
9.3,12.15,54.0,15.75,0.0
8.9,13.5,45.5,25.5,0.0
8.13,16.2,54.25,17.75,0.0
6.5,13.43,31.5,46.75,0.0
5.9,13.0,22.5,50.0,0.0
8.78,16.3,9.75,68.0,0.0
5.73,21.88,6.25,74.5,0.0
6.8,21.3,24.0,55.5,0.0
7.8,16.73,36.75,33.25,0.0
11.65,9.95,31.75,27.5,0.0
10.2,13.98,33.25,28.75,0.0
6.75,9.43,30.75,34.0,0.0
6.6,11.3,35.75,31.5,0.0
4.9,7.73,31.25,33.75,0.0
4.83,9.5,33.75,31.25,0.0
7.88,7.33,26.5,32.25,0.0
8.2,9.78,24.5,30.25,0.0
6.33,9.8,40.5,13.0,0.0
5.9,10.88,41.75,12.25,0.0
3.83,6.93,44.25,10.0,0.0
1.8,3.6,46.5,9.5,0.0
3.78,2.6,45.75,10.25,0.0
3.5,4.7,44.75,12.25,0.0
1.7,8.98,39.25,16.5,0.0
0.93,4.93,35.75,22.25,0.25
1.0,2.0,32.75,25.5,0.25
0.7,2.6,36.25,25.25,0.25
4.48,7.38,39.5,24.25,1.0
6.1,9.1,40.0,22.0,0.75
5.8,12.18,42.5,17.75,0.75
5.5,9.93,44.0,15.75,1.0
6.2,7.43,46.25,16.0,1.5
3.53,4.93,49.25,14.0,1.25
4.4,6.28,49.0,15.25,1.25
7.95,5.5,46.0,16.0,1.0
5.8,5.5,45.5,10.5,1.0
3.63,9.18,44.75,10.0,1.0
2.03,7.2,48.75,7.5,0.0
3.48,4.63,53.25,7.25,0.0
4.2,3.4,68.5,6.5,0.25
2.6,3.6,55.25,23.75,1.0
3.88,7.18,48.75,33.5,1.0
3.4,9.9,37.5,42.25,1.0
4.28,7.43,25.0,54.75,1.0
8.85,7.4,31.5,49.0,1.0
8.5,8.78,38.5,43.0,1.0
5.63,11.1,42.75,40.5,1.0
5.0,10.1,41.25,41.5,0.75
7.78,12.48,37.75,43.25,1.0
10.88,11.1,37.0,43.0,1.0
8.83,9.2,41.75,40.5,1.0
5.73,7.1,40.25,39.25,1.0
5.3,9.0,34.75,44.5,1.25
9.2,11.4,45.25,26.5,1.0
9.1,12.0,48.0,22.5,1.0
6.9,10.3,38.5,24.75,1.0
12.05,11.98,41.25,20.75,1.0
7.25,13.78,33.0,24.75,1.25
7.78,17.28,21.75,35.75,1.0
8.98,15.3,2.5,59.5,1.0
9.5,20.58,3.75,56.0,1.0
11.18,23.1,6.0,57.75,1.0
10.8,22.6,23.25,40.25,0.75
12.8,26.9,38.75,30.25,0.25
31.2,39.85,0.0,69.75,1.0
30.83,43.5,0.0,74.5,1.0
32.78,38.43,0.0,63.75,3.0
31.43,36.93,0.0,64.0,2.75
30.83,32.83,0.0,55.75,3.0
21.8,22.75,0.0,51.0,2.5
26.15,32.25,0.0,57.0,2.75
22.25,24.23,0.25,52.5,2.25
20.63,26.7,3.5,50.25,2.0
17.33,12.88,6.75,51.5,2.0
19.48,20.25,9.0,48.25,2.0
16.23,21.28,6.0,56.0,2.5
24.9,20.7,5.5,56.5,2.25
21.83,25.28,10.5,48.25,2.25
12.08,11.5,32.0,27.75,2.0
11.25,14.8,37.0,14.5,2.0
17.5,14.5,36.25,14.25,2.25
16.5,16.9,35.25,16.0,0.0
14.03,15.2,36.75,13.67,0.0
13.13,16.6,38.75,10.67,0.0
15.68,18.2,35.0,11.75,0.0
10.45,17.2,29.5,15.25,0.0
14.85,15.33,27.25,20.0,0.0
10.15,16.6,28.25,17.75,0.0
14.45,11.05,24.75,21.5,0.0
10.85,12.9,25.25,21.75,0.0
16.53,8.83,22.75,26.25,0.0
9.78,11.0,25.25,23.5,0.0
11.2,14.1,21.75,27.5,0.0
11.6,10.33,22.75,27.5,0.0
10.33,12.28,21.75,27.25,0.0
5.55,9.6,32.5,23.5,0.0
4.83,5.73,41.75,18.5,0.0
7.4,14.5,21.0,39.25,0.75
8.0,10.63,36.0,26.25,0.5
6.23,8.3,41.75,17.5,0.33
4.73,7.0,40.5,12.0,0.25
5.4,8.08,12.75,33.5,1.0
8.68,5.9,26.25,29.75,0.5
8.2,4.03,42.75,18.0,0.5
7.6,8.98,16.0,50.25,0.5
9.08,10.9,9.0,57.75,0.0
8.1,8.5,22.5,39.5,0.75
6.03,10.2,18.0,44.5,0.0
4.23,7.73,27.5,32.75,0.0
4.03,11.1,50.75,18.75,1.0
4.1,8.6,46.75,23.5,1.0
5.78,11.48,36.0,32.0,1.25
8.68,12.5,32.5,38.0,1.0
7.73,14.8,32.5,38.5,1.0
10.08,9.73,40.25,31.5,1.0
7.15,10.1,40.75,28.0,1.0
9.58,11.4,1.25,62.75,1.0
9.4,19.08,2.5,58.0,1.0
9.6,20.4,5.5,54.75,1.5
9.2,15.73,12.0,49.25,1.0
6.93,12.8,24.75,33.75,1.0
5.63,9.03,25.5,32.5,0.25
4.63,9.0,20.0,39.5,1.0
8.28,7.23,25.75,38.25,1.0
6.6,11.1,23.75,38.75,1.5
5.13,8.33,25.0,41.5,1.0
5.0,13.78,16.0,49.75,1.25
9.88,8.33,21.0,42.25,1.0
9.6,6.0,23.5,37.0,1.0
6.55,7.1,33.75,29.75,1.0
4.43,9.7,36.75,27.0,1.0
5.78,8.5,39.0,22.25,1.0
9.75,8.7,43.25,17.25,1.25
6.23,11.4,48.25,11.25,0.0
3.03,7.03,50.25,11.0,0.0
6.38,8.6,51.25,11.25,0.5
6.9,8.4,47.25,13.0,0.5
5.03,9.7,45.0,18.25,0.25
8.58,9.4,43.25,22.75,0.5
5.15,5.73,40.25,26.0,0.25
2.23,3.23,44.5,23.25,0.0
2.8,4.7,45.0,23.5,0.25
3.8,5.6,44.25,23.25,0.0
2.23,3.5,41.25,23.25,0.0
3.2,2.73,44.0,20.25,0.25
4.4,5.9,43.0,20.5,0.0
4.1,6.4,37.25,27.5,0.0
2.8,6.5,47.5,26.75,0.0
1.33,6.0,60.75,24.5,0.25
5.45,6.1,70.0,15.5,0.0
3.53,6.4,69.5,14.5,0.0
4.88,5.5,68.0,13.25,0.0
4.5,7.68,66.25,12.5,0.33
4.2,9.5,62.0,12.0,0.75
5.28,15.6,40.0,32.75,0.75
5.1,13.7,33.75,37.25,0.75
4.6,10.53,28.0,43.75,0.75
6.18,12.88,11.75,62.0,0.5
7.58,19.68,6.25,67.75,0.0
7.8,16.8,13.25,59.25,0.0
8.98,11.8,17.25,53.25,0.0
7.9,12.5,34.75,34.5,0.0
6.7,19.3,58.0,20.25,0.0
5.9,13.9,57.75,21.0,0.0
9.25,15.9,54.25,23.75,0.0
12.78,15.8,42.25,35.5,0.0
12.9,22.9,14.5,64.5,0.0
12.43,21.6,11.5,68.0,0.0
8.85,14.73,24.5,50.0,0.0
13.95,20.08,6.75,67.75,0.0
13.03,19.6,17.25,53.75,0.0
12.8,17.2,28.75,36.25,0.0
12.43,16.5,30.5,29.5,0.0
11.63,17.98,38.75,20.0,1.0
8.13,13.83,40.5,16.5,1.0
10.28,13.6,32.75,26.25,1.25
7.63,13.5,30.0,27.0,1.25
8.0,10.6,21.75,33.75,1.0
11.55,14.5,0.5,63.25,1.0
10.33,20.48,9.25,50.5,1.0
8.53,18.0,2.5,60.25,1.0
8.53,16.5,47.75,19.0,2.0
11.08,11.23,46.25,20.25,2.0
7.83,14.28,43.25,24.25,1.0
6.6,10.53,44.25,22.75,1.0
3.73,10.5,41.25,24.25,1.0
7.95,11.2,35.0,27.75,1.0
12.55,14.9,21.5,42.0,1.0
10.83,13.53,19.25,43.75,1.0
11.5,14.9,14.5,46.75,0.75
11.0,15.4,13.75,46.5,1.0
11.28,20.98,17.75,41.5,0.75
11.6,18.13,19.25,38.5,1.0
15.75,18.4,20.75,36.25,0.5
11.55,17.8,14.5,39.0,1.0
11.4,9.63,15.0,41.5,1.0
10.4,11.4,24.33,33.0,1.0
6.65,9.03,39.5,18.5,1.0
11.25,15.88,6.75,40.5,1.0
17.7,15.1,0.0,55.5,1.25
12.38,19.9,0.25,48.0,0.0
15.08,23.68,0.0,52.75,1.5
21.63,26.08,1.75,53.0,1.75
16.58,23.3,3.0,47.0,2.0
18.0,20.3,5.25,46.75,2.0
16.5,21.7,10.0,38.0,1.0
15.53,13.9,30.75,28.75,1.0
25.95,24.83,4.0,41.25,0.75
18.03,20.4,12.0,41.0,1.0
37.03,32.08,10.5,37.0,0.0
24.88,22.33,17.25,28.5,0.0
24.8,21.9,19.75,24.25,0.0
26.58,22.5,17.75,25.5,1.67
22.85,21.4,20.5,23.0,1.75
17.48,22.88,23.0,19.5,1.75
20.75,18.83,20.75,22.75,1.0
16.78,15.4,15.0,28.75,1.5
19.15,16.3,0.5,50.0,1.5
20.2,20.58,1.5,48.25,1.0
18.53,25.8,3.75,46.25,1.75
25.7,25.9,6.0,40.5,2.0
26.5,27.3,6.5,37.0,1.75
25.9,28.1,7.5,37.75,2.0
23.35,26.3,6.75,41.0,2.25
26.65,25.6,5.75,45.5,1.75
31.55,27.6,4.0,48.75,1.5
36.43,33.6,1.25,52.25,1.5
34.13,36.48,0.5,53.75,1.0
33.6,38.4,1.5,50.5,1.75
33.1,35.4,1.0,51.5,1.5
36.25,38.88,1.0,52.0,1.5
35.33,30.23,0.25,52.0,1.75
35.7,35.28,0.0,53.75,2.0
34.7,38.6,0.0,54.0,1.5
36.08,35.5,0.0,54.0,3.33
37.98,34.2,0.0,53.25,2.75
37.4,37.0,0.0,50.25,2.25
39.85,37.38,0.0,46.5,2.5
37.65,34.9,3.25,43.25,4.5
38.2,37.18,6.75,40.0,5.0
40.08,37.3,10.75,35.5,4.5
43.95,37.3,16.25,33.25,5.0
42.63,40.2,20.5,32.75,5.0
41.43,40.3,20.5,33.75,5.0
40.13,40.6,23.25,33.25,4.75
41.1,40.88,27.0,32.25,4.0
38.65,46.28,30.0,32.25,3.75
32.2,36.13,30.75,33.0,4.0
29.48,34.7,17.5,52.75,3.0
28.83,31.3,22.75,49.25,2.5
22.48,26.3,26.75,44.0,2.0
22.4,28.4,22.75,45.0,2.0
22.78,22.43,20.25,44.5,1.75
29.0,36.45,14.5,49.25,4.33
29.2,32.3,10.0,53.0,4.75
28.03,31.1,6.25,55.75,4.0
31.83,34.58,1.5,60.25,4.0
30.9,34.4,0.25,62.25,3.25
34.55,35.7,0.0,60.25,3.0
39.95,37.6,0.5,75.25,3.25
41.88,42.8,1.25,83.75,4.25
45.85,48.98,4.0,75.75,5.75
48.95,52.6,10.5,65.75,6.5
51.48,59.48,15.25,60.75,6.75
49.23,51.93,19.75,67.25,6.75
64.5,73.23,16.25,87.75,7.0
58.4,60.25,15.5,87.5,6.75
45.23,48.33,14.0,88.25,6.0
47.08,49.0,11.75,87.5,5.75
54.6,53.2,6.0,75.75,4.75
60.78,56.0,6.25,69.75,5.25
61.2,61.9,6.0,62.25,3.33
63.55,65.2,6.5,56.75,3.0
66.85,67.9,3.25,59.5,2.75
56.55,57.6,3.75,51.75,1.75
48.3,49.3,2.25,49.5,1.0
41.7,44.7,2.75,49.75,1.0
36.65,42.4,22.5,34.5,0.75
32.95,34.0,24.5,36.25,0.25
30.25,30.4,30.0,34.25,0.75
28.65,30.0,5.5,74.25,1.0
22.55,24.8,14.75,65.0,1.0
14.78,14.4,39.5,43.75,1.0
10.25,20.4,38.0,44.25,1.0
10.1,15.4,43.25,33.25,1.0
12.78,12.9,39.75,35.25,1.0
15.05,11.9,18.75,48.75,1.0
18.25,18.7,4.25,64.25,1.67
14.25,17.5,26.33,43.5,1.0
12.13,18.0,29.0,44.75,1.5
9.13,11.1,38.5,27.5,1.5
9.68,13.7,18.5,49.0,2.0
12.78,15.7,8.75,61.0,1.25
10.15,14.6,4.25,66.5,1.25
11.68,17.1,4.0,73.25,1.5
16.33,19.6,11.75,66.0,1.75
15.5,20.5,21.75,53.25,2.0
25.58,23.9,55.5,27.75,2.0
15.43,20.6,42.0,38.5,1.5
12.25,19.1,47.5,29.0,1.25
11.9,21.0,56.25,16.25,1.0
8.25,10.3,58.25,12.0,1.5
6.03,8.1,61.25,9.75,1.5
8.18,8.3,61.5,8.0,0.0
8.1,4.6,64.0,6.33,0.0
5.23,3.5,61.75,8.67,0.0
6.18,4.8,58.25,9.5,0.0
4.73,5.4,56.25,11.5,0.0
5.28,4.2,50.25,15.75,0.0
4.6,7.0,40.0,26.25,0.25
7.05,6.2,35.0,32.0,0.5
9.18,6.8,43.5,29.25,0.5
10.1,13.8,62.5,17.5,1.0
7.25,7.9,66.0,16.75,1.25
7.03,6.3,69.5,13.5,1.0
6.7,7.4,62.0,15.5,1.25
7.1,4.8,60.5,14.75,0.67
6.03,5.4,65.5,10.0,0.5
9.45,14.3,64.75,10.0,0.25
8.73,10.3,57.75,15.25,0.25
7.8,12.5,5.5,74.75,0.25
6.83,20.7,5.25,77.5,0.75
15.3,16.5,8.25,79.0,0.75
10.15,15.2,12.0,71.25,1.75
18.45,22.2,2.5,85.25,1.75
20.75,26.8,2.75,85.5,1.5
19.3,20.1,5.0,77.25,1.5
15.55,23.8,4.75,73.75,1.5
26.73,26.0,10.25,63.0,1.0
18.73,18.3,14.25,53.0,1.0
18.4,16.7,21.5,44.0,2.0
14.15,21.1,27.75,34.5,2.0
14.88,21.8,25.75,34.75,1.75
15.3,14.7,25.75,33.75,2.0
17.55,23.9,48.0,23.0,0.0
15.53,16.7,50.25,20.25,0.25
17.08,16.7,51.0,19.5,0.0
18.2,21.8,48.25,20.0,2.67
15.35,17.98,38.75,24.75,2.75
17.78,12.43,41.75,19.5,2.25
14.25,18.4,42.5,18.0,2.0
11.65,12.9,42.25,20.0,1.75
14.3,20.93,47.0,23.25,1.0
12.43,20.1,69.0,13.5,0.0
18.83,26.0,48.0,27.0,0.0
30.38,37.6,11.25,55.25,2.0
25.43,28.3,47.0,25.0,2.25
16.88,8.23,57.25,34.75,2.75
11.4,18.13,38.25,52.5,1.75
24.98,25.55,21.5,67.25,1.75
34.03,39.8,51.5,18.5,1.5
34.15,45.83,59.5,23.0,3.0
38.7,50.9,51.25,24.0,1.25
33.28,45.43,49.75,24.0,1.5
31.35,50.88,54.75,19.25,0.5
29.03,40.0,56.5,16.0,0.25
29.5,34.2,55.75,15.25,0.75
26.85,34.63,56.75,15.0,4.0
24.75,42.18,56.25,13.5,3.75
28.43,36.88,54.0,12.75,3.5
32.43,30.05,50.5,14.5,3.25
33.88,40.6,49.5,16.5,4.0
37.73,44.3,39.25,27.5,4.75
42.05,47.18,41.5,25.25,4.75
43.25,47.98,10.0,41.75,2.25
11.25,18.8,50.5,24.0,4.25
8.35,17.8,60.5,22.25,4.0
4.85,15.2,69.5,21.25,4.75
14.65,21.08,39.5,25.0,3.0
19.7,19.2,34.0,29.0,3.75
14.5,13.0,56.0,37.75,4.75
12.75,14.2,49.5,39.0,5.0
16.13,20.78,26.0,39.75,1.5
9.23,10.0,35.5,37.5,1.75
6.83,9.5,45.5,32.0,2.0
7.1,7.2,52.0,29.0,2.0
11.2,8.1,44.25,36.25,2.5
8.65,7.3,55.0,32.25,2.5
9.38,10.28,48.25,36.25,3.0
13.53,6.43,39.0,40.75,2.75
12.43,10.0,40.5,35.75,2.5
10.93,11.8,37.0,41.25,2.75
10.13,12.3,45.5,27.25,2.75
9.9,9.23,44.0,26.75,1.0
10.0,12.18,44.5,20.75,0.75
8.63,10.2,45.5,18.0,0.75
7.63,10.73,29.5,33.25,1.0
7.8,15.5,16.25,46.5,1.25
9.85,12.3,0.75,67.0,1.0
11.28,13.98,1.75,63.25,1.0
7.78,11.7,11.5,52.0,1.0
12.4,12.1,19.75,46.75,1.25
9.08,14.4,29.0,39.5,1.0
11.25,17.8,34.75,36.25,1.0
7.08,14.1,49.25,25.5,1.75
7.8,14.2,65.0,18.25,1.75
8.5,12.6,72.75,13.0,2.0
5.28,10.5,70.0,17.25,2.0
6.68,12.08,66.0,22.25,1.75
6.63,18.1,46.5,44.25,1.5
11.9,19.45,15.0,81.5,2.0
23.68,36.6,2.0,101.75,2.75
23.0,38.28,1.5,98.0,2.25
23.98,29.98,5.5,87.5,2.0
18.23,20.2,27.0,62.75,2.0
10.05,14.23,40.75,40.75,2.0
13.6,18.3,37.75,35.5,2.0
13.6,17.3,32.5,36.5,0.33
10.75,15.38,27.75,39.0,0.25
13.63,9.9,34.0,36.25,0.0
10.58,12.2,15.5,52.5,0.0
6.18,11.73,4.5,70.75,0.25
6.88,13.6,27.0,54.75,0.0
9.45,16.0,11.25,69.75,0.5
14.3,14.3,16.75,66.5,1.0
12.05,16.28,41.0,42.0,0.25
10.0,10.53,70.25,18.25,1.0
7.18,13.1,78.75,14.0,0.75
4.45,12.8,78.0,16.0,0.75
11.68,18.78,37.25,42.5,1.25
10.63,8.4,48.5,31.25,1.0
9.73,10.0,52.75,25.25,1.25
6.75,9.6,58.0,19.0,0.0
7.98,6.08,56.5,17.0,0.25
8.9,3.43,54.0,15.75,0.0
10.58,8.0,38.5,27.5,0.25
6.88,8.6,39.25,42.5,0.75
6.2,8.2,36.0,48.5,0.75
5.9,6.6,58.25,26.0,0.75
7.78,6.83,45.75,42.0,0.75
9.85,14.8,25.5,60.75,0.5
11.18,9.33,56.25,28.5,0.25
9.03,11.6,63.0,22.75,0.25
10.75,14.7,66.25,20.0,1.0
7.85,16.15,68.25,19.5,0.75
4.98,8.8,67.5,23.5,1.0
14.68,15.5,10.5,77.0,1.0
13.53,17.28,21.25,61.75,1.0
11.15,8.4,31.5,42.5,0.75
12.38,11.0,39.5,30.5,0.0
11.73,12.68,35.0,33.75,0.0
10.53,10.48,46.5,22.25,0.0
10.4,7.55,44.0,22.5,0.0
8.63,16.0,36.75,28.5,0.0
9.0,16.9,35.25,37.0,0.0
7.73,15.5,37.5,37.25,0.0
10.15,14.13,40.25,37.25,0.0
9.23,17.38,49.0,30.5,0.0
6.45,12.33,57.25,23.0,0.0
4.83,16.18,59.0,21.0,0.0
7.75,14.5,64.5,18.25,0.0
11.15,14.7,61.25,22.5,0.0
8.85,12.05,64.0,21.75,0.0
7.13,10.18,64.0,23.25,0.0
7.6,7.3,57.75,29.5,0.25
11.05,16.9,6.5,93.0,0.5
13.95,17.8,1.5,91.0,0.5
20.48,20.25,2.75,86.75,0.5
14.8,14.8,10.25,73.5,0.25
12.55,14.73,6.25,71.5,0.0
13.78,16.48,23.5,45.25,0.0
14.5,14.63,17.25,46.5,0.25
15.18,18.95,8.0,55.75,0.0
13.83,9.95,21.5,42.0,0.25
11.75,17.33,10.25,53.25,0.75
16.6,19.18,1.0,64.75,1.0
13.23,13.6,40.75,28.0,1.0
10.25,12.63,38.75,30.5,1.0
10.6,18.5,50.5,20.25,1.0
9.5,17.33,57.5,19.75,1.5
11.95,20.73,38.0,37.75,1.25
19.78,29.98,1.75,78.0,2.0
15.0,25.65,7.5,68.75,2.0
6.18,6.53,44.0,21.75,0.0
6.2,10.0,40.5,28.0,0.0
6.3,11.83,61.0,11.0,1.0
8.18,14.93,63.5,13.25,1.0
9.48,17.65,64.75,15.5,1.25
10.48,9.75,58.0,21.5,1.5
12.25,19.38,31.5,46.5,1.75
20.65,32.65,2.0,87.25,2.0
29.15,40.23,1.0,87.5,2.25
27.53,26.2,5.5,72.0,2.0
8.5,12.1,69.75,17.25,2.0
10.28,12.88,76.25,12.5,2.25
8.43,7.73,69.5,20.0,2.0
11.6,11.05,64.0,16.5,2.5
8.38,17.3,60.75,19.75,3.0
6.15,15.38,64.0,15.75,2.75
4.93,7.28,65.5,13.25,0.33
9.13,5.98,65.75,9.5,0.5
8.53,4.25,69.75,5.0,0.5
7.73,11.43,69.0,7.25,1.0
8.0,13.68,65.5,9.0,1.0
7.8,11.33,65.25,13.0,1.0
7.03,17.1,61.5,23.25,1.0
8.18,19.23,60.25,23.75,1.0
