location_id,location_name,latitude,longitude,co,no2,o3,pm10,pm25,so2
2161306,Minh Khai - Bắc Từ Liêm,21.05,105.74,11727.7,7.2,7.79,99.63,8.15,0.0
2161306,Minh Khai - Bắc Từ Liêm,21.05,105.74,11396.4,7.32,7.07,103.24,6.55,0.0
2161306,Minh Khai - Bắc Từ Liêm,21.05,105.74,9756.8,7.12,9.63,105.75,10.45,4.98
2161306,Minh Khai - Bắc Từ Liêm,21.05,105.74,9187.5,7.26,26.66,112.08,11.54,1.3
2161306,Minh Khai - Bắc Từ Liêm,21.05,105.74,11022.7,7.26,21.41,117.49,8.9,0.0
2161306,Minh Khai - Bắc Từ Liêm,21.05,105.74,9663.5,7.34,13.07,116.91,9.95,0.0
2161306,Minh Khai - Bắc Từ Liêm,21.05,105.74,8120.1,7.28,7.76,104.2,9.27,0.0
2161306,Minh Khai - Bắc Từ Liêm,21.05,105.74,7606.0,7.21,18.71,94.37,7.84,0.0
2161306,Minh Khai - Bắc Từ Liêm,21.05,105.74,6983.0,7.08,8.32,86.87,7.11,2.06
2161306,Minh Khai - Bắc Từ Liêm,21.05,105.74,8930.4,7.29,8.88,85.32,6.01,0.5
2161306,Minh Khai - Bắc Từ Liêm,21.05,105.74,11513.5,7.4,8.26,88.3,4.85,0.0
2161306,Minh Khai - Bắc Từ Liêm,21.05,105.74,10051.8,7.16,10.87,86.61,3.68,0.0
2161306,Minh Khai - Bắc Từ Liêm,21.05,105.74,9493.1,7.33,27.96,84.46,3.6,0.0
2161306,Minh Khai - Bắc Từ Liêm,21.05,105.74,8874.5,7.18,33.27,88.49,3.95,0.0
2161306,Minh Khai - Bắc Từ Liêm,21.05,105.74,8392.9,6.98,9.7,91.11,5.98,3.39
2161306,Minh Khai - Bắc Từ Liêm,21.05,105.74,7281.7,7.02,12.3,93.65,6.68,3.27
2161306,Minh Khai - Bắc Từ Liêm,21.05,105.74,8663.1,6.75,10.13,96.72,5.96,5.16
2161306,Minh Khai - Bắc Từ Liêm,21.05,105.74,8583.7,6.98,17.55,101.49,5.6,0.0
2161306,Minh Khai - Bắc Từ Liêm,21.05,105.74,10174.2,7.08,7.73,109.81,6.08,0.0
2161306,Minh Khai - Bắc Từ Liêm,21.05,105.74,12452.5,7.11,7.58,122.65,6.49,2.3
2161306,Minh Khai - Bắc Từ Liêm,21.05,105.74,14323.8,7.17,9.24,133.58,6.46,2.57
2161306,Minh Khai - Bắc Từ Liêm,21.05,105.74,16072.2,6.89,10.53,142.98,5.25,3.31
2161306,Minh Khai - Bắc Từ Liêm,21.05,105.74,16508.4,6.94,6.42,142.51,4.19,2.18
2161306,Minh Khai - Bắc Từ Liêm,21.05,105.74,15796.4,7.12,10.64,145.51,3.57,0.0
2161306,Minh Khai - Bắc Từ Liêm,21.05,105.74,14960.4,7.2,24.22,147.75,9.18,0.0
2161306,Minh Khai - Bắc Từ Liêm,21.05,105.74,12508.2,7.06,5.73,129.57,14.95,2.86
2161306,Minh Khai - Bắc Từ Liêm,21.05,105.74,11658.1,7.07,11.08,112.28,12.01,0.0
2161306,Minh Khai - Bắc Từ Liêm,21.05,105.74,11116.2,6.97,30.41,102.61,10.23,0.0
2161306,Minh Khai - Bắc Từ Liêm,21.05,105.74,13804.9,6.89,7.77,93.47,8.68,4.38
2161306,Minh Khai - Bắc Từ Liêm,21.05,105.74,19549.2,7.04,13.24,84.42,6.7,5.17
2161306,Minh Khai - Bắc Từ Liêm,21.05,105.74,22002.7,7.13,8.5,73.59,5.76,3.54
2161306,Minh Khai - Bắc Từ Liêm,21.05,105.74,20331.1,7.09,4.68,65.61,5.05,2.53
2161306,Minh Khai - Bắc Từ Liêm,21.05,105.74,17369.1,7.03,12.22,62.91,4.79,0.0
2161306,Minh Khai - Bắc Từ Liêm,21.05,105.74,15993.2,7.14,29.36,59.35,4.67,0.0
2161306,Minh Khai - Bắc Từ Liêm,21.05,105.74,16069.3,6.97,7.4,70.68,4.59,4.22
2161306,Minh Khai - Bắc Từ Liêm,21.05,105.74,14218.6,6.8,13.24,84.11,6.17,7.06
2161306,Minh Khai - Bắc Từ Liêm,21.05,105.74,12321.9,6.6,14.74,81.63,11.16,12.22
2161306,Minh Khai - Bắc Từ Liêm,21.05,105.74,11243.8,6.55,19.85,80.16,11.93,9.66
2161306,Minh Khai - Bắc Từ Liêm,21.05,105.74,11505.6,6.67,18.87,86.02,9.16,0.0
2161306,Minh Khai - Bắc Từ Liêm,21.05,105.74,12959.6,6.84,19.07,104.59,6.85,0.0
2161306,Minh Khai - Bắc Từ Liêm,21.05,105.74,17527.5,6.71,14.52,133.27,4.99,5.73
2161306,Minh Khai - Bắc Từ Liêm,21.05,105.74,19039.9,6.65,17.79,153.27,5.15,9.02
2161306,Minh Khai - Bắc Từ Liêm,21.05,105.74,18413.9,6.7,13.46,156.26,6.77,12.66
2161306,Minh Khai - Bắc Từ Liêm,21.05,105.74,20516.6,6.84,17.98,157.89,9.5,9.87
2161306,Minh Khai - Bắc Từ Liêm,21.05,105.74,20587.4,6.97,16.45,159.15,10.06,0.0
2161306,Minh Khai - Bắc Từ Liêm,21.05,105.74,19718.4,7.06,11.27,161.42,9.56,0.0
2161306,Minh Khai - Bắc Từ Liêm,21.05,105.74,18430.3,6.74,10.05,166.08,9.28,6.04
2161306,Minh Khai - Bắc Từ Liêm,21.05,105.74,18280.9,6.7,23.15,161.49,8.28,7.01
2161306,Minh Khai - Bắc Từ Liêm,21.05,105.74,17611.9,6.6,12.93,165.09,9.67,10.45
2161306,Minh Khai - Bắc Từ Liêm,21.05,105.74,18160.9,6.57,13.62,169.11,12.3,8.17
2161306,Minh Khai - Bắc Từ Liêm,21.05,105.74,19174.8,7.01,18.86,165.05,14.77,0.0
2161306,Minh Khai - Bắc Từ Liêm,21.05,105.74,18765.2,6.84,11.4,166.59,13.88,0.0
2161306,Minh Khai - Bắc Từ Liêm,21.05,105.74,21380.2,6.53,8.85,72.58,8.29,17.54
2161306,Minh Khai - Bắc Từ Liêm,21.05,105.74,14415.9,6.61,8.77,65.59,7.38,16.92
2161306,Minh Khai - Bắc Từ Liêm,21.05,105.74,12391.9,6.57,6.84,54.41,6.11,4.52
2161306,Minh Khai - Bắc Từ Liêm,21.05,105.74,10926.5,6.17,18.46,57.51,4.75,5.52
2161306,Minh Khai - Bắc Từ Liêm,21.05,105.74,8774.9,6.46,14.77,53.42,4.78,6.63
2161306,Minh Khai - Bắc Từ Liêm,21.05,105.74,7282.2,6.39,18.59,47.84,5.56,9.13
2161306,Minh Khai - Bắc Từ Liêm,21.05,105.74,7221.9,6.47,12.39,40.31,6.39,1.43
2161306,Minh Khai - Bắc Từ Liêm,21.05,105.74,7804.4,6.42,7.51,32.08,7.11,0.12
2161306,Minh Khai - Bắc Từ Liêm,21.05,105.74,12083.3,6.28,9.26,34.09,9.6,1.14
2161306,Minh Khai - Bắc Từ Liêm,21.05,105.74,18855.1,6.43,11.89,36.64,9.32,4.82
2161306,Minh Khai - Bắc Từ Liêm,21.05,105.74,20427.7,6.42,16.87,49.8,10.67,5.78
2161306,Minh Khai - Bắc Từ Liêm,21.05,105.74,19968.5,6.32,16.58,63.84,11.08,9.76
2161306,Minh Khai - Bắc Từ Liêm,21.05,105.74,22099.7,6.71,9.0,72.16,9.51,1.28
2161306,Minh Khai - Bắc Từ Liêm,21.05,105.74,20050.6,6.64,23.06,79.91,9.19,0.27
2161306,Minh Khai - Bắc Từ Liêm,21.05,105.74,16931.5,6.19,19.17,84.84,11.16,3.6
2161306,Minh Khai - Bắc Từ Liêm,21.05,105.74,15543.3,6.14,20.7,77.75,11.75,8.34
2161306,Minh Khai - Bắc Từ Liêm,21.05,105.74,16374.1,6.25,19.54,69.64,10.74,10.01
2161306,Minh Khai - Bắc Từ Liêm,21.05,105.74,17324.5,5.7,20.61,63.64,8.73,16.32
2161306,Minh Khai - Bắc Từ Liêm,21.05,105.74,21526.3,6.24,21.22,62.2,7.9,14.55
2161306,Minh Khai - Bắc Từ Liêm,21.05,105.74,25518.6,6.4,10.71,61.09,7.72,1.84
2161306,Minh Khai - Bắc Từ Liêm,21.05,105.74,23007.1,6.18,11.35,57.36,8.63,4.22
2161306,Minh Khai - Bắc Từ Liêm,21.05,105.74,18097.8,6.31,15.6,57.88,9.24,6.98
2161306,Minh Khai - Bắc Từ Liêm,21.05,105.74,14706.9,6.24,14.49,56.96,8.69,7.18
2161306,Minh Khai - Bắc Từ Liêm,21.05,105.74,13496.8,6.14,22.36,57.46,7.29,10.01
2161306,Minh Khai - Bắc Từ Liêm,21.05,105.74,14256.0,6.52,12.05,48.26,6.06,1.94
2161306,Minh Khai - Bắc Từ Liêm,21.05,105.74,11737.9,6.58,6.46,39.92,5.95,0.26
2161306,Minh Khai - Bắc Từ Liêm,21.05,105.74,9728.5,6.4,5.17,38.71,12.45,3.49
2161306,Minh Khai - Bắc Từ Liêm,21.05,105.74,8194.4,6.2,15.87,33.93,14.85,6.12
2161306,Minh Khai - Bắc Từ Liêm,21.05,105.74,6397.2,6.13,13.25,31.42,12.67,8.18
2161306,Minh Khai - Bắc Từ Liêm,21.05,105.74,6947.6,6.03,23.05,33.61,11.4,11.38
2161306,Minh Khai - Bắc Từ Liêm,21.05,105.74,8004.0,6.38,11.72,34.51,9.41,2.67
2161306,Minh Khai - Bắc Từ Liêm,21.05,105.74,10085.9,6.44,9.12,37.09,7.55,0.68
2161306,Minh Khai - Bắc Từ Liêm,21.05,105.74,12004.4,6.3,10.85,42.02,10.64,1.78
2161306,Minh Khai - Bắc Từ Liêm,21.05,105.74,11898.5,6.29,7.6,43.86,11.72,5.15
2161306,Minh Khai - Bắc Từ Liêm,21.05,105.74,16726.7,6.39,13.53,50.65,9.79,7.08
2161306,Minh Khai - Bắc Từ Liêm,21.05,105.74,19063.3,6.22,18.85,62.37,9.6,11.22
2161306,Minh Khai - Bắc Từ Liêm,21.05,105.74,20094.8,6.47,10.82,71.27,8.47,4.43
2161306,Minh Khai - Bắc Từ Liêm,21.05,105.74,19747.4,6.51,32.49,81.69,7.56,1.42
2161306,Minh Khai - Bắc Từ Liêm,21.05,105.74,15435.3,6.19,23.4,84.21,13.49,7.86
2161306,Minh Khai - Bắc Từ Liêm,21.05,105.74,14978.2,6.05,32.78,75.93,15.11,12.23
2161306,Minh Khai - Bắc Từ Liêm,21.05,105.74,15158.4,6.14,40.32,68.26,12.14,8.58
2161306,Minh Khai - Bắc Từ Liêm,21.05,105.74,13960.5,5.66,41.46,57.53,10.41,19.13
2161306,Minh Khai - Bắc Từ Liêm,21.05,105.74,14998.4,5.93,42.59,54.05,8.36,26.46
2161306,Minh Khai - Bắc Từ Liêm,21.05,105.74,19498.0,5.94,21.27,53.88,6.32,15.23
2161306,Minh Khai - Bắc Từ Liêm,21.05,105.74,18524.6,6.12,15.26,52.52,7.56,8.99
2161306,Minh Khai - Bắc Từ Liêm,21.05,105.74,14765.0,6.27,28.92,52.46,8.03,10.45
2161306,Minh Khai - Bắc Từ Liêm,21.05,105.74,13773.4,6.2,16.95,55.03,6.71,9.55
2161306,Minh Khai - Bắc Từ Liêm,21.05,105.74,11824.6,5.99,19.21,52.94,6.28,14.34
2161306,Minh Khai - Bắc Từ Liêm,21.05,105.74,11670.4,6.38,23.57,55.67,6.45,13.02
2161306,Minh Khai - Bắc Từ Liêm,21.05,105.74,9858.3,6.49,13.76,58.88,5.66,1.54
2161306,Minh Khai - Bắc Từ Liêm,21.05,105.74,10831.7,6.4,14.15,,8.37,3.35
2161306,Minh Khai - Bắc Từ Liêm,21.05,105.74,8959.8,6.19,21.37,,9.6,4.92
2161306,Minh Khai - Bắc Từ Liêm,21.05,105.74,7678.4,6.22,16.53,,8.39,5.76
2161306,Minh Khai - Bắc Từ Liêm,21.05,105.74,6985.0,5.94,19.65,,9.75,9.63
2161306,Minh Khai - Bắc Từ Liêm,21.05,105.74,8696.7,6.29,25.63,,9.1,8.35
2161306,Minh Khai - Bắc Từ Liêm,21.05,105.74,12732.5,6.38,8.62,,6.9,0.03
2161306,Minh Khai - Bắc Từ Liêm,21.05,105.74,16964.1,6.3,7.71,,7.88,1.18
2161306,Minh Khai - Bắc Từ Liêm,21.05,105.74,19160.6,6.42,14.18,,9.6,4.35
2161306,Minh Khai - Bắc Từ Liêm,21.05,105.74,19414.5,6.18,12.99,,9.59,5.91
2161306,Minh Khai - Bắc Từ Liêm,21.05,105.74,18106.6,6.16,18.85,,8.46,11.29
2161306,Minh Khai - Bắc Từ Liêm,21.05,105.74,17329.8,6.27,22.95,,7.67,14.17
2161306,Minh Khai - Bắc Từ Liêm,21.05,105.74,20468.8,6.48,19.55,,7.29,3.87
2161306,Minh Khai - Bắc Từ Liêm,21.05,105.74,16266.4,6.13,22.1,,18.7,6.0
2161306,Minh Khai - Bắc Từ Liêm,21.05,105.74,14732.2,6.06,38.75,,22.88,9.6
2161306,Minh Khai - Bắc Từ Liêm,21.05,105.74,15286.8,6.26,37.17,,17.69,5.91
2161306,Minh Khai - Bắc Từ Liêm,21.05,105.74,15352.7,5.86,32.14,,13.55,15.05
2161306,Minh Khai - Bắc Từ Liêm,21.05,105.74,17240.4,5.81,36.66,,10.47,23.31
2161306,Minh Khai - Bắc Từ Liêm,21.05,105.74,22619.1,6.27,20.45,,9.5,9.06
2161306,Minh Khai - Bắc Từ Liêm,21.05,105.74,20289.0,6.3,9.53,,9.23,2.26
2161306,Minh Khai - Bắc Từ Liêm,21.05,105.74,17892.7,6.42,34.61,,8.86,5.06
2161306,Minh Khai - Bắc Từ Liêm,21.05,105.74,15137.0,6.31,31.46,,8.56,4.54
2161306,Minh Khai - Bắc Từ Liêm,21.05,105.74,13409.3,6.17,14.79,,8.58,7.4
2161306,Minh Khai - Bắc Từ Liêm,21.05,105.74,14483.1,6.54,9.93,,8.66,1.79
2161306,Minh Khai - Bắc Từ Liêm,21.05,105.74,11477.8,6.34,9.09,,7.95,0.03
2161306,Minh Khai - Bắc Từ Liêm,21.05,105.74,11038.4,6.36,8.08,,7.91,3.1
2161306,Minh Khai - Bắc Từ Liêm,21.05,105.74,9010.4,6.36,28.08,,8.02,4.15
2161306,Minh Khai - Bắc Từ Liêm,21.05,105.74,7551.1,6.35,12.19,,6.76,5.1
2161306,Minh Khai - Bắc Từ Liêm,21.05,105.74,7505.3,6.28,19.49,,6.3,7.68
2161306,Minh Khai - Bắc Từ Liêm,21.05,105.74,9694.2,6.43,12.98,,6.01,1.81
2161306,Minh Khai - Bắc Từ Liêm,21.05,105.74,10310.4,6.35,9.9,,6.13,0.42
2161306,Minh Khai - Bắc Từ Liêm,21.05,105.74,15222.5,6.32,12.31,,6.25,4.02
2161306,Minh Khai - Bắc Từ Liêm,21.05,105.74,21637.1,6.61,12.1,,5.75,5.83
2161306,Minh Khai - Bắc Từ Liêm,21.05,105.74,27655.2,6.64,23.61,44.57,7.79,4.91
2161306,Minh Khai - Bắc Từ Liêm,21.05,105.74,25381.4,6.71,13.25,68.73,8.54,0.44
2161306,Minh Khai - Bắc Từ Liêm,21.05,105.74,22596.9,6.71,25.45,62.87,7.55,0.0
2161306,Minh Khai - Bắc Từ Liêm,21.05,105.74,21816.9,6.32,14.7,67.27,6.9,2.54
2161306,Minh Khai - Bắc Từ Liêm,21.05,105.74,20135.9,6.23,20.57,61.01,6.39,11.94
2161306,Minh Khai - Bắc Từ Liêm,21.05,105.74,17889.3,6.18,23.25,59.15,6.33,13.61
2161306,Minh Khai - Bắc Từ Liêm,21.05,105.74,17842.6,5.97,18.91,60.35,6.02,15.59
2161306,Minh Khai - Bắc Từ Liêm,21.05,105.74,16561.0,5.76,16.96,61.82,5.19,24.58
2161306,Minh Khai - Bắc Từ Liêm,21.05,105.74,21219.7,6.06,18.75,58.29,5.22,17.55
2161306,Minh Khai - Bắc Từ Liêm,21.05,105.74,17653.5,6.4,17.77,59.07,6.02,13.72
2161306,Minh Khai - Bắc Từ Liêm,21.05,105.74,14862.4,6.25,29.58,61.51,7.5,15.96
2161306,Minh Khai - Bắc Từ Liêm,21.05,105.74,14250.5,6.48,24.52,57.13,7.85,5.2
2161306,Minh Khai - Bắc Từ Liêm,21.05,105.74,13074.2,6.38,12.51,54.0,6.5,0.72
2161306,Minh Khai - Bắc Từ Liêm,21.05,105.74,13971.6,6.43,12.42,57.9,5.76,2.32
2161306,Minh Khai - Bắc Từ Liêm,21.05,105.74,10593.3,6.08,13.65,63.44,6.04,9.59
2161306,Minh Khai - Bắc Từ Liêm,21.05,105.74,9037.8,6.38,11.65,64.97,5.3,2.19
2161306,Minh Khai - Bắc Từ Liêm,21.05,105.74,8810.8,6.28,22.87,61.69,5.45,2.16
2161306,Minh Khai - Bắc Từ Liêm,21.05,105.74,8138.8,6.75,10.34,56.18,5.44,0.0
2161306,Minh Khai - Bắc Từ Liêm,21.05,105.74,7604.1,6.74,5.32,49.45,4.45,0.0
2161306,Minh Khai - Bắc Từ Liêm,21.05,105.74,7332.1,6.45,9.14,42.41,5.05,0.0
2161306,Minh Khai - Bắc Từ Liêm,21.05,105.74,6922.2,6.43,18.51,36.53,5.25,0.0
2161306,Minh Khai - Bắc Từ Liêm,21.05,105.74,5674.0,6.4,11.9,36.02,4.63,0.0
2161306,Minh Khai - Bắc Từ Liêm,21.05,105.74,6384.7,6.43,20.74,35.3,8.18,0.48
2161306,Minh Khai - Bắc Từ Liêm,21.05,105.74,8893.8,6.75,16.67,31.84,9.54,0.0
2161306,Minh Khai - Bắc Từ Liêm,21.05,105.74,9293.2,6.77,34.39,30.78,8.14,0.0
2161306,Minh Khai - Bắc Từ Liêm,21.05,105.74,8510.6,6.6,13.46,28.81,7.58,0.0
2161306,Minh Khai - Bắc Từ Liêm,21.05,105.74,8143.7,6.39,22.64,31.07,6.8,0.0
2161306,Minh Khai - Bắc Từ Liêm,21.05,105.74,6740.8,6.35,13.56,39.92,6.9,0.01
2161306,Minh Khai - Bắc Từ Liêm,21.05,105.74,7282.1,6.27,21.42,42.14,7.27,0.72
2161306,Minh Khai - Bắc Từ Liêm,21.05,105.74,7198.9,6.37,13.75,43.45,6.99,0.0
2161306,Minh Khai - Bắc Từ Liêm,21.05,105.74,7790.7,6.41,17.37,44.72,6.74,0.0
2161306,Minh Khai - Bắc Từ Liêm,21.05,105.74,8652.7,6.37,17.0,45.88,7.21,0.0
2161306,Minh Khai - Bắc Từ Liêm,21.05,105.74,8174.5,6.5,8.72,51.68,7.68,0.0
2161306,Minh Khai - Bắc Từ Liêm,21.05,105.74,6821.7,6.43,9.06,51.4,11.15,0.0
2161306,Minh Khai - Bắc Từ Liêm,21.05,105.74,6655.2,6.19,9.08,47.68,11.29,0.0
2161306,Minh Khai - Bắc Từ Liêm,21.05,105.74,7679.7,6.7,16.9,46.31,9.09,0.0
2161306,Minh Khai - Bắc Từ Liêm,21.05,105.74,5915.6,6.77,13.04,45.64,7.64,0.0
2161306,Minh Khai - Bắc Từ Liêm,21.05,105.74,5274.2,6.69,10.41,44.59,6.14,0.0
2161306,Minh Khai - Bắc Từ Liêm,21.05,105.74,5359.2,6.73,9.91,14.71,7.43,0.11
2161306,Minh Khai - Bắc Từ Liêm,21.05,105.74,7388.5,7.03,8.72,16.69,7.65,0.01
2161306,Minh Khai - Bắc Từ Liêm,21.05,105.74,6547.2,6.77,8.19,16.21,7.74,0.03
2161306,Minh Khai - Bắc Từ Liêm,21.05,105.74,6995.9,6.57,7.78,21.36,7.45,1.79
2161306,Minh Khai - Bắc Từ Liêm,21.05,105.74,6924.8,6.91,21.59,27.73,6.23,0.06
2161306,Minh Khai - Bắc Từ Liêm,21.05,105.74,5494.0,6.77,14.48,23.77,5.62,0.0
2161306,Minh Khai - Bắc Từ Liêm,21.05,105.74,5725.4,6.59,10.69,30.06,5.32,0.05
2161306,Minh Khai - Bắc Từ Liêm,21.05,105.74,6232.2,6.88,4.26,32.75,5.99,0.57
2161306,Minh Khai - Bắc Từ Liêm,21.05,105.74,6964.2,6.75,0.14,36.77,9.98,0.74
2161306,Minh Khai - Bắc Từ Liêm,21.05,105.74,7103.9,6.86,6.7,44.63,10.7,1.76
2161306,Minh Khai - Bắc Từ Liêm,21.05,105.74,6453.2,7.2,16.59,42.48,9.4,0.0
2161306,Minh Khai - Bắc Từ Liêm,21.05,105.74,5241.6,7.26,8.21,36.71,8.93,0.0
2161306,Minh Khai - Bắc Từ Liêm,21.05,105.74,4733.1,7.0,7.7,36.64,8.79,0.11
2161306,Minh Khai - Bắc Từ Liêm,21.05,105.74,6274.1,6.9,10.25,35.93,8.71,1.59
2161306,Minh Khai - Bắc Từ Liêm,21.05,105.74,5576.1,7.05,4.36,31.28,8.1,0.16
2161306,Minh Khai - Bắc Từ Liêm,21.05,105.74,3936.6,6.75,8.43,32.21,8.25,0.09
2161306,Minh Khai - Bắc Từ Liêm,21.05,105.74,5176.7,7.05,15.88,30.56,7.95,0.0
2161306,Minh Khai - Bắc Từ Liêm,21.05,105.74,4412.5,7.06,9.52,26.02,6.93,0.0
2161306,Minh Khai - Bắc Từ Liêm,21.05,105.74,3923.3,7.04,4.08,22.41,8.73,0.0
2161306,Minh Khai - Bắc Từ Liêm,21.05,105.74,5575.9,6.99,2.07,20.45,9.96,1.16
2161306,Minh Khai - Bắc Từ Liêm,21.05,105.74,4468.4,7.17,1.32,19.42,8.16,0.05
2161306,Minh Khai - Bắc Từ Liêm,21.05,105.74,3954.5,7.19,9.57,20.58,7.12,0.01
2161306,Minh Khai - Bắc Từ Liêm,21.05,105.74,5721.2,7.33,14.29,22.12,6.63,0.0
2161306,Minh Khai - Bắc Từ Liêm,21.05,105.74,5563.4,7.46,10.88,25.35,6.87,0.0
2161306,Minh Khai - Bắc Từ Liêm,21.05,105.74,5744.7,7.22,12.84,30.49,9.36,0.0
2161306,Minh Khai - Bắc Từ Liêm,21.05,105.74,7409.4,7.06,10.92,32.34,10.49,1.22
2161306,Minh Khai - Bắc Từ Liêm,21.05,105.74,6760.6,6.91,14.18,38.07,9.29,5.05
2161306,Minh Khai - Bắc Từ Liêm,21.05,105.74,6179.3,6.66,18.53,35.89,10.75,10.63
2161306,Minh Khai - Bắc Từ Liêm,21.05,105.74,8054.4,6.97,17.3,30.66,10.63,2.37
2161306,Minh Khai - Bắc Từ Liêm,21.05,105.74,7933.2,7.03,22.99,27.11,8.86,0.0
2161306,Minh Khai - Bắc Từ Liêm,21.05,105.74,7299.0,6.97,8.87,27.74,7.72,0.05
2161306,Minh Khai - Bắc Từ Liêm,21.05,105.74,8928.4,6.98,6.32,32.84,7.08,2.04
2161306,Minh Khai - Bắc Từ Liêm,21.05,105.74,9859.4,6.93,7.87,40.94,5.79,4.6
2161306,Minh Khai - Bắc Từ Liêm,21.05,105.74,8986.9,6.95,15.83,50.23,6.29,8.14
2161306,Minh Khai - Bắc Từ Liêm,21.05,105.74,8923.9,7.33,21.33,51.09,6.4,1.16
2161306,Minh Khai - Bắc Từ Liêm,21.05,105.74,7452.9,7.56,11.7,53.25,6.39,0.0
2161306,Minh Khai - Bắc Từ Liêm,21.05,105.74,7711.6,7.31,6.34,57.72,6.2,0.0
2161306,Minh Khai - Bắc Từ Liêm,21.05,105.74,9323.5,7.1,6.29,69.51,4.87,1.0
2161306,Minh Khai - Bắc Từ Liêm,21.05,105.74,6158.9,7.17,1.9,91.49,9.08,3.17
2161306,Minh Khai - Bắc Từ Liêm,21.05,105.74,7167.3,6.98,7.2,135.79,12.01,5.41
2161306,Minh Khai - Bắc Từ Liêm,21.05,105.74,8035.2,7.2,22.21,173.12,10.08,0.61
2161306,Minh Khai - Bắc Từ Liêm,21.05,105.74,6996.8,7.32,11.46,180.34,10.09,0.0
2161306,Minh Khai - Bắc Từ Liêm,21.05,105.74,6300.9,7.12,7.08,170.05,10.46,0.0
2161306,Minh Khai - Bắc Từ Liêm,21.05,105.74,7827.8,7.02,7.11,160.63,9.94,0.97
2161306,Minh Khai - Bắc Từ Liêm,21.05,105.74,7533.6,7.0,3.57,167.69,9.68,1.5
2161306,Minh Khai - Bắc Từ Liêm,21.05,105.74,7120.1,7.02,6.64,175.59,8.64,4.71
2161306,Minh Khai - Bắc Từ Liêm,21.05,105.74,7122.5,7.47,21.42,166.19,9.3,0.54
2161306,Minh Khai - Bắc Từ Liêm,21.05,105.74,6387.6,7.56,14.96,144.08,12.43,0.0
2161306,Minh Khai - Bắc Từ Liêm,21.05,105.74,5264.4,7.34,8.67,116.7,12.5,0.11
2161306,Minh Khai - Bắc Từ Liêm,21.05,105.74,4720.9,7.03,11.74,81.73,9.79,4.24
2161306,Minh Khai - Bắc Từ Liêm,21.05,105.74,4177.0,6.73,12.63,56.88,9.0,10.37
2161306,Minh Khai - Bắc Từ Liêm,21.05,105.74,4737.0,6.87,17.9,52.47,8.79,13.83
2161306,Minh Khai - Bắc Từ Liêm,21.05,105.74,5610.8,6.97,17.0,45.4,8.63,6.59
2161306,Minh Khai - Bắc Từ Liêm,21.05,105.74,6975.1,7.14,27.77,40.71,7.81,0.09
2161306,Minh Khai - Bắc Từ Liêm,21.05,105.74,6539.6,6.95,17.18,44.03,6.72,1.46
2161306,Minh Khai - Bắc Từ Liêm,21.05,105.74,5413.4,6.62,8.88,46.19,6.23,7.18
2161306,Minh Khai - Bắc Từ Liêm,21.05,105.74,5517.1,6.7,10.15,47.66,9.76,11.29
2161306,Minh Khai - Bắc Từ Liêm,21.05,105.74,5773.1,6.58,16.83,50.97,10.77,12.98
2161306,Minh Khai - Bắc Từ Liêm,21.05,105.74,6702.0,7.32,14.53,56.3,8.73,3.94
2161306,Minh Khai - Bắc Từ Liêm,21.05,105.74,6919.9,7.25,25.12,64.54,8.37,0.0
2161306,Minh Khai - Bắc Từ Liêm,21.05,105.74,6020.5,7.2,19.33,70.54,7.19,0.02
2161306,Minh Khai - Bắc Từ Liêm,21.05,105.74,6515.9,7.02,3.04,68.81,6.91,2.94
2161306,Minh Khai - Bắc Từ Liêm,21.05,105.74,7917.1,7.06,17.97,65.81,6.36,4.84
2161306,Minh Khai - Bắc Từ Liêm,21.05,105.74,8178.6,6.71,19.06,61.58,5.55,7.34
2161306,Minh Khai - Bắc Từ Liêm,21.05,105.74,8561.1,6.93,5.97,60.29,5.24,1.46
2161306,Minh Khai - Bắc Từ Liêm,21.05,105.74,8296.2,7.45,4.67,50.06,5.04,0.0
2161306,Minh Khai - Bắc Từ Liêm,21.05,105.74,7131.6,7.09,10.96,37.96,4.2,0.0
2161306,Minh Khai - Bắc Từ Liêm,21.05,105.74,8321.6,7.25,14.9,37.14,3.43,0.0
2161306,Minh Khai - Bắc Từ Liêm,21.05,105.74,7768.0,7.19,7.89,43.91,3.48,0.04
2161306,Minh Khai - Bắc Từ Liêm,21.05,105.74,7093.2,6.94,9.47,51.31,4.37,2.72
2161306,Minh Khai - Bắc Từ Liêm,21.05,105.74,8470.3,7.19,16.5,52.37,5.42,0.67
2161306,Minh Khai - Bắc Từ Liêm,21.05,105.74,7934.7,7.45,12.17,45.7,6.16,0.0
2161306,Minh Khai - Bắc Từ Liêm,21.05,105.74,8086.8,7.24,11.68,39.2,6.72,0.0
2161306,Minh Khai - Bắc Từ Liêm,21.05,105.74,8051.0,7.05,14.14,42.65,6.39,0.96
2161306,Minh Khai - Bắc Từ Liêm,21.05,105.74,8040.2,6.87,14.47,52.38,8.72,5.09
2161306,Minh Khai - Bắc Từ Liêm,21.05,105.74,7600.6,6.44,16.48,50.2,10.36,10.64
2161306,Minh Khai - Bắc Từ Liêm,21.05,105.74,8142.4,6.44,25.35,42.48,9.77,19.54
2161306,Minh Khai - Bắc Từ Liêm,21.05,105.74,8861.0,6.63,17.73,37.84,8.75,7.58
2161306,Minh Khai - Bắc Từ Liêm,21.05,105.74,8010.7,6.59,21.5,29.43,7.13,2.48
2161306,Minh Khai - Bắc Từ Liêm,21.05,105.74,6579.1,6.55,10.84,24.88,6.98,6.4
2161306,Minh Khai - Bắc Từ Liêm,21.05,105.74,8279.0,6.71,9.46,26.1,7.39,7.23
2161306,Minh Khai - Bắc Từ Liêm,21.05,105.74,12147.2,6.67,20.08,38.58,6.99,8.75
2161306,Minh Khai - Bắc Từ Liêm,21.05,105.74,13136.3,7.08,11.68,51.95,6.73,1.9
2161306,Minh Khai - Bắc Từ Liêm,21.05,105.74,12771.4,7.24,18.24,64.5,6.43,0.0
2161306,Minh Khai - Bắc Từ Liêm,21.05,105.74,11774.5,7.09,21.76,71.69,6.67,0.0
2161306,Minh Khai - Bắc Từ Liêm,21.05,105.74,10056.8,6.93,4.24,81.3,6.84,0.09
2161306,Minh Khai - Bắc Từ Liêm,21.05,105.74,8186.9,6.79,11.2,80.76,6.7,5.11
2161306,Minh Khai - Bắc Từ Liêm,21.05,105.74,8059.8,6.79,17.3,69.73,5.79,6.71
2161306,Minh Khai - Bắc Từ Liêm,21.05,105.74,8494.5,7.1,15.96,66.97,4.66,1.05
2161306,Minh Khai - Bắc Từ Liêm,21.05,105.74,7396.4,7.32,12.74,58.5,5.14,0.0
2161306,Minh Khai - Bắc Từ Liêm,21.05,105.74,7797.4,7.16,9.21,54.64,4.91,0.0
2161306,Minh Khai - Bắc Từ Liêm,21.05,105.74,8431.4,7.15,8.89,56.75,4.14,0.0
2161306,Minh Khai - Bắc Từ Liêm,21.05,105.74,8744.4,7.14,0.17,59.38,4.97,0.0
2161306,Minh Khai - Bắc Từ Liêm,21.05,105.74,8508.2,7.13,3.1,62.24,8.08,0.0
2161306,Minh Khai - Bắc Từ Liêm,21.05,105.74,8435.6,7.13,17.86,67.79,8.42,0.0
2161306,Minh Khai - Bắc Từ Liêm,21.05,105.74,10501.2,7.28,14.78,69.49,9.67,0.0
2161306,Minh Khai - Bắc Từ Liêm,21.05,105.74,11092.7,6.91,14.53,70.23,12.16,0.0
2161306,Minh Khai - Bắc Từ Liêm,21.05,105.74,8965.3,7.0,19.23,73.83,11.49,3.44
2161306,Minh Khai - Bắc Từ Liêm,21.05,105.74,7530.2,6.61,23.13,70.78,11.7,8.9
2161306,Minh Khai - Bắc Từ Liêm,21.05,105.74,7120.5,6.39,29.4,64.34,13.25,14.41
2161306,Minh Khai - Bắc Từ Liêm,21.05,105.74,7918.1,5.94,26.06,58.0,13.2,24.62
2161306,Minh Khai - Bắc Từ Liêm,21.05,105.74,9734.9,6.47,29.56,51.59,12.1,16.05
2161306,Minh Khai - Bắc Từ Liêm,21.05,105.74,9161.5,6.47,27.73,45.56,11.1,8.99
2161306,Minh Khai - Bắc Từ Liêm,21.05,105.74,9489.9,6.44,24.65,41.45,10.57,10.3
2161306,Minh Khai - Bắc Từ Liêm,21.05,105.74,8125.9,6.71,21.38,38.95,10.32,8.24
2161306,Minh Khai - Bắc Từ Liêm,21.05,105.74,7883.1,6.63,24.4,42.65,9.44,9.29
2161306,Minh Khai - Bắc Từ Liêm,21.05,105.74,8753.6,6.81,21.71,45.34,8.75,3.75
2161306,Minh Khai - Bắc Từ Liêm,21.05,105.74,6760.2,6.91,24.49,47.16,8.48,0.0
2161306,Minh Khai - Bắc Từ Liêm,21.05,105.74,6513.8,6.82,32.83,47.99,7.69,0.0
2161306,Minh Khai - Bắc Từ Liêm,21.05,105.74,6114.1,6.72,9.26,40.61,6.18,1.02
2161306,Minh Khai - Bắc Từ Liêm,21.05,105.74,4813.5,6.62,17.04,39.55,11.17,4.56
2161306,Minh Khai - Bắc Từ Liêm,21.05,105.74,4508.7,6.41,13.69,45.37,14.22,6.13
2161306,Minh Khai - Bắc Từ Liêm,21.05,105.74,4849.6,6.72,8.79,46.09,11.97,1.98
2161306,Minh Khai - Bắc Từ Liêm,21.05,105.74,5146.5,6.95,6.77,40.93,9.46,0.0
2161306,Minh Khai - Bắc Từ Liêm,21.05,105.74,5231.9,6.93,6.29,39.09,8.14,0.0
2161306,Minh Khai - Bắc Từ Liêm,21.05,105.74,7236.6,6.79,9.03,46.46,7.25,0.0
2161306,Minh Khai - Bắc Từ Liêm,21.05,105.74,7919.9,6.81,9.13,52.47,7.47,0.01
2161306,Minh Khai - Bắc Từ Liêm,21.05,105.74,9060.2,6.42,18.97,51.96,10.55,2.25
2161306,Minh Khai - Bắc Từ Liêm,21.05,105.74,9793.9,6.73,16.87,55.26,11.79,0.83
2161306,Minh Khai - Bắc Từ Liêm,21.05,105.74,8607.2,6.86,48.73,63.74,11.17,0.0
2161306,Minh Khai - Bắc Từ Liêm,21.05,105.74,9041.7,6.49,21.78,66.63,10.72,0.0
2161306,Minh Khai - Bắc Từ Liêm,21.05,105.74,8419.5,6.43,17.01,65.23,9.32,2.44
2161306,Minh Khai - Bắc Từ Liêm,21.05,105.74,7905.9,6.24,31.63,62.89,8.92,7.52
2161306,Minh Khai - Bắc Từ Liêm,21.05,105.74,7117.6,6.26,33.37,57.41,7.72,11.65
2161306,Minh Khai - Bắc Từ Liêm,21.05,105.74,8013.0,5.76,29.29,49.21,9.0,23.41
2161306,Minh Khai - Bắc Từ Liêm,21.05,105.74,8326.2,6.16,37.03,38.34,10.38,17.2
2161306,Minh Khai - Bắc Từ Liêm,21.05,105.74,9968.9,6.03,28.5,30.26,9.87,11.22
2161306,Minh Khai - Bắc Từ Liêm,21.05,105.74,8738.8,5.92,32.78,28.62,8.71,14.91
2161306,Minh Khai - Bắc Từ Liêm,21.05,105.74,9900.2,6.47,24.24,32.47,7.18,11.31
2161306,Minh Khai - Bắc Từ Liêm,21.05,105.74,8829.3,6.52,25.39,38.96,7.77,8.79
2161306,Minh Khai - Bắc Từ Liêm,21.05,105.74,10545.7,6.46,27.9,41.53,8.61,4.52
2161306,Minh Khai - Bắc Từ Liêm,21.05,105.74,8924.6,6.7,14.66,36.84,7.29,0.0
2161306,Minh Khai - Bắc Từ Liêm,21.05,105.74,8757.1,6.68,34.27,33.42,5.84,0.0
2161306,Minh Khai - Bắc Từ Liêm,21.05,105.74,7500.2,6.54,34.63,36.71,5.91,1.3
2161306,Minh Khai - Bắc Từ Liêm,21.05,105.74,5863.6,6.53,74.84,37.02,7.15,0.79
2161306,Minh Khai - Bắc Từ Liêm,21.05,105.74,5615.8,6.56,49.68,38.85,8.28,1.16
2161306,Minh Khai - Bắc Từ Liêm,21.05,105.74,6512.7,6.82,16.41,40.8,7.34,0.94
2161306,Minh Khai - Bắc Từ Liêm,21.05,105.74,4973.3,6.59,41.34,40.92,6.21,0.0
2161306,Minh Khai - Bắc Từ Liêm,21.05,105.74,5946.0,6.64,28.93,44.88,6.23,0.0
2161306,Minh Khai - Bắc Từ Liêm,21.05,105.74,6241.2,6.49,17.25,44.08,6.08,0.0
2161306,Minh Khai - Bắc Từ Liêm,21.05,105.74,6841.2,6.37,22.02,39.08,7.75,0.12
2161306,Minh Khai - Bắc Từ Liêm,21.05,105.74,7346.9,6.48,20.39,39.02,8.47,0.85
2161306,Minh Khai - Bắc Từ Liêm,21.05,105.74,9944.4,6.44,22.67,45.9,6.97,0.97
2161306,Minh Khai - Bắc Từ Liêm,21.05,105.74,8883.2,6.51,37.68,53.19,8.85,0.0
2161306,Minh Khai - Bắc Từ Liêm,21.05,105.74,10376.5,6.3,24.97,52.53,9.59,0.0
2161306,Minh Khai - Bắc Từ Liêm,21.05,105.74,10274.8,6.23,28.22,49.63,8.85,0.0
2161306,Minh Khai - Bắc Từ Liêm,21.05,105.74,9650.6,6.47,21.21,49.07,10.59,0.02
2161306,Minh Khai - Bắc Từ Liêm,21.05,105.74,8619.0,6.51,24.38,43.71,9.96,1.08
2161306,Minh Khai - Bắc Từ Liêm,21.05,105.74,9820.7,5.87,31.29,44.24,9.25,8.89
2161306,Minh Khai - Bắc Từ Liêm,21.05,105.74,11783.8,6.17,22.61,51.92,8.07,1.72
2161306,Minh Khai - Bắc Từ Liêm,21.05,105.74,14117.4,6.11,31.63,47.88,6.73,0.0
2161306,Minh Khai - Bắc Từ Liêm,21.05,105.74,12082.8,5.94,21.4,40.88,5.74,1.7
2161306,Minh Khai - Bắc Từ Liêm,21.05,105.74,12351.4,6.26,24.39,41.91,4.79,3.28
2161306,Minh Khai - Bắc Từ Liêm,21.05,105.74,12587.0,6.33,21.19,44.65,5.6,1.71
2161306,Minh Khai - Bắc Từ Liêm,21.05,105.74,12271.9,6.26,27.77,43.36,7.02,1.2
2161306,Minh Khai - Bắc Từ Liêm,21.05,105.74,11032.7,6.51,29.61,41.12,7.99,0.0
2161306,Minh Khai - Bắc Từ Liêm,21.05,105.74,9572.3,6.47,32.02,36.55,7.93,0.0
2161306,Minh Khai - Bắc Từ Liêm,21.05,105.74,7912.6,6.25,17.62,34.91,6.52,0.03
2161306,Minh Khai - Bắc Từ Liêm,21.05,105.74,7350.4,6.38,17.56,37.45,6.05,1.2
2161306,Minh Khai - Bắc Từ Liêm,21.05,105.74,6206.9,6.42,22.05,31.93,5.7,1.11
2161306,Minh Khai - Bắc Từ Liêm,21.05,105.74,6727.3,6.49,22.81,31.35,4.67,1.04
2161306,Minh Khai - Bắc Từ Liêm,21.05,105.74,6105.0,6.48,25.06,38.6,4.87,0.0
2161306,Minh Khai - Bắc Từ Liêm,21.05,105.74,4674.7,6.35,29.41,39.44,5.26,0.0
2161306,Minh Khai - Bắc Từ Liêm,21.05,105.74,4466.2,6.38,13.74,35.55,5.88,0.0
2161306,Minh Khai - Bắc Từ Liêm,21.05,105.74,3982.1,6.25,14.39,33.32,5.97,0.03
2161306,Minh Khai - Bắc Từ Liêm,21.05,105.74,4563.6,6.42,9.26,31.81,5.08,0.35
2161306,Minh Khai - Bắc Từ Liêm,21.05,105.74,8851.2,6.76,10.42,33.06,4.65,0.67
2161306,Minh Khai - Bắc Từ Liêm,21.05,105.74,8024.0,6.78,19.41,39.26,4.15,0.0
2161306,Minh Khai - Bắc Từ Liêm,21.05,105.74,8097.0,6.65,22.6,46.59,4.22,0.0
2161306,Minh Khai - Bắc Từ Liêm,21.05,105.74,10935.7,6.27,8.84,50.61,4.87,0.0
2161306,Minh Khai - Bắc Từ Liêm,21.05,105.74,13292.5,6.21,16.99,56.66,12.18,0.33
2161306,Minh Khai - Bắc Từ Liêm,21.05,105.74,13274.6,6.27,21.41,57.73,15.96,1.05
2161306,Minh Khai - Bắc Từ Liêm,21.05,105.74,12754.6,5.8,35.07,49.09,13.71,10.21
2161306,Minh Khai - Bắc Từ Liêm,21.05,105.74,12606.8,5.67,19.26,51.0,10.69,14.8
2161306,Minh Khai - Bắc Từ Liêm,21.05,105.74,12280.2,6.18,21.66,55.78,8.71,5.67
2161306,Minh Khai - Bắc Từ Liêm,21.05,105.74,22693.9,6.15,18.19,53.45,7.32,3.99
2161306,Minh Khai - Bắc Từ Liêm,21.05,105.74,31379.1,6.11,28.5,61.84,13.02,7.58
2161306,Minh Khai - Bắc Từ Liêm,21.05,105.74,22892.3,6.75,12.23,85.78,16.31,0.08
2161306,Minh Khai - Bắc Từ Liêm,21.05,105.74,21784.2,6.54,22.19,97.65,13.12,0.0
2161306,Minh Khai - Bắc Từ Liêm,21.05,105.74,20184.3,6.42,25.29,95.41,11.66,0.0
2161306,Minh Khai - Bắc Từ Liêm,21.05,105.74,19846.5,6.28,59.14,102.34,10.33,0.1
2161306,Minh Khai - Bắc Từ Liêm,21.05,105.74,22861.9,6.43,39.42,110.18,8.94,0.26
2161306,Minh Khai - Bắc Từ Liêm,21.05,105.74,23491.7,6.52,9.32,109.63,13.43,0.05
2161306,Minh Khai - Bắc Từ Liêm,21.05,105.74,21958.8,6.83,38.42,109.97,15.62,0.0
2161306,Minh Khai - Bắc Từ Liêm,21.05,105.74,18986.0,6.76,21.92,104.86,12.89,0.0
2161306,Minh Khai - Bắc Từ Liêm,21.05,105.74,16434.1,6.5,20.25,100.04,11.31,0.0
2161306,Minh Khai - Bắc Từ Liêm,21.05,105.74,15521.7,6.31,60.24,98.99,9.61,0.63
2161306,Minh Khai - Bắc Từ Liêm,21.05,105.74,13963.6,6.25,37.93,102.25,8.05,1.1
2161306,Minh Khai - Bắc Từ Liêm,21.05,105.74,12930.0,6.44,10.29,106.38,7.87,0.17
2161306,Minh Khai - Bắc Từ Liêm,21.05,105.74,11396.3,6.74,41.51,101.9,8.31,0.0
2161306,Minh Khai - Bắc Từ Liêm,21.05,105.74,14147.6,6.86,19.05,97.56,8.43,0.0
2161306,Minh Khai - Bắc Từ Liêm,21.05,105.74,15020.5,6.48,12.94,96.17,8.15,0.0
2161306,Minh Khai - Bắc Từ Liêm,21.05,105.74,14386.2,6.56,9.18,93.93,7.19,0.0
2161306,Minh Khai - Bắc Từ Liêm,21.05,105.74,13386.8,6.32,17.15,90.87,7.07,1.44
2161306,Minh Khai - Bắc Từ Liêm,21.05,105.74,15319.2,6.26,15.58,87.36,9.13,0.0
2161306,Minh Khai - Bắc Từ Liêm,21.05,105.74,14693.8,6.55,21.33,78.04,8.77,0.0
2161306,Minh Khai - Bắc Từ Liêm,21.05,105.74,15661.5,5.94,19.76,60.37,9.46,0.27
2161306,Minh Khai - Bắc Từ Liêm,21.05,105.74,15486.3,6.32,23.85,46.25,9.04,2.82
2161306,Minh Khai - Bắc Từ Liêm,21.05,105.74,19778.6,6.07,13.08,42.78,6.89,3.96
2161306,Minh Khai - Bắc Từ Liêm,21.05,105.74,20763.2,6.06,12.75,48.15,5.17,8.33
2161306,Minh Khai - Bắc Từ Liêm,21.05,105.74,21373.6,6.33,17.13,54.04,4.2,0.23
2161306,Minh Khai - Bắc Từ Liêm,21.05,105.74,17772.9,6.43,16.5,59.66,4.45,0.0
2161306,Minh Khai - Bắc Từ Liêm,21.05,105.74,14984.7,6.27,12.75,57.8,5.31,0.0
2161306,Minh Khai - Bắc Từ Liêm,21.05,105.74,14778.0,6.43,11.31,56.84,5.88,0.15
2161306,Minh Khai - Bắc Từ Liêm,21.05,105.74,13507.7,6.32,7.58,60.75,6.08,0.34
2161306,Minh Khai - Bắc Từ Liêm,21.05,105.74,12301.1,6.35,12.3,58.41,9.41,0.0
2161306,Minh Khai - Bắc Từ Liêm,21.05,105.74,10560.3,6.63,10.86,57.82,10.91,0.0
2161306,Minh Khai - Bắc Từ Liêm,21.05,105.74,8800.7,6.5,14.0,58.95,10.01,0.0
2161306,Minh Khai - Bắc Từ Liêm,21.05,105.74,9022.9,6.3,11.7,66.17,9.73,0.0
2161306,Minh Khai - Bắc Từ Liêm,21.05,105.74,8281.0,6.19,13.61,76.15,9.24,0.0
2161306,Minh Khai - Bắc Từ Liêm,21.05,105.74,9561.2,6.32,17.58,76.67,7.52,0.0
2161306,Minh Khai - Bắc Từ Liêm,21.05,105.74,11088.8,6.16,19.79,73.28,7.1,0.0
2161306,Minh Khai - Bắc Từ Liêm,21.05,105.74,14824.8,6.5,23.38,67.53,7.0,0.0
2161306,Minh Khai - Bắc Từ Liêm,21.05,105.74,13367.3,6.49,23.13,63.21,9.18,0.0
2161306,Minh Khai - Bắc Từ Liêm,21.05,105.74,17062.7,,5.13,,,
2161306,Minh Khai - Bắc Từ Liêm,21.05,105.74,14001.7,6.66,7.95,64.69,8.13,0.0
2161306,Minh Khai - Bắc Từ Liêm,21.05,105.74,15050.1,6.24,20.54,61.58,11.94,0.0
2161306,Minh Khai - Bắc Từ Liêm,21.05,105.74,14395.9,5.54,19.39,57.66,20.16,8.45
2161306,Minh Khai - Bắc Từ Liêm,21.05,105.74,14805.5,5.48,17.44,53.48,20.19,5.44
2161306,Minh Khai - Bắc Từ Liêm,21.05,105.74,13763.5,5.65,24.58,49.27,15.55,2.98
2161306,Minh Khai - Bắc Từ Liêm,21.05,105.74,12982.3,5.49,29.88,42.91,12.54,13.21
2161306,Minh Khai - Bắc Từ Liêm,21.05,105.74,13421.7,6.0,22.09,47.15,9.39,4.83
2161306,Minh Khai - Bắc Từ Liêm,21.05,105.74,15066.5,5.97,23.22,46.72,7.78,0.68
2161306,Minh Khai - Bắc Từ Liêm,21.05,105.74,14823.9,5.5,20.38,40.35,6.6,6.12
2161306,Minh Khai - Bắc Từ Liêm,21.05,105.74,16049.4,5.95,21.89,39.02,6.4,0.08
2161306,Minh Khai - Bắc Từ Liêm,21.05,105.74,13516.4,6.13,25.29,41.21,6.95,0.0
2161306,Minh Khai - Bắc Từ Liêm,21.05,105.74,13001.2,6.13,15.93,45.08,6.59,0.0
2161306,Minh Khai - Bắc Từ Liêm,21.05,105.74,12405.0,6.17,16.3,45.23,5.32,0.0
2161306,Minh Khai - Bắc Từ Liêm,21.05,105.74,10409.1,6.1,14.02,45.22,3.89,0.0
2161306,Minh Khai - Bắc Từ Liêm,21.05,105.74,9789.7,5.87,17.59,43.11,4.29,0.53
2161306,Minh Khai - Bắc Từ Liêm,21.05,105.74,9072.2,5.97,11.4,41.51,5.15,0.0
2161306,Minh Khai - Bắc Từ Liêm,21.05,105.74,7989.5,5.94,22.68,41.34,4.46,0.0
2161306,Minh Khai - Bắc Từ Liêm,21.05,105.74,7634.9,6.02,16.98,41.81,3.87,0.0
2161306,Minh Khai - Bắc Từ Liêm,21.05,105.74,7683.3,5.96,10.33,43.51,4.21,0.02
2161306,Minh Khai - Bắc Từ Liêm,21.05,105.74,10009.3,5.88,10.08,44.46,4.21,0.06
2161306,Minh Khai - Bắc Từ Liêm,21.05,105.74,13498.2,6.02,21.01,43.6,4.2,0.33
2161306,Minh Khai - Bắc Từ Liêm,21.05,105.74,17398.2,6.29,7.59,47.43,4.49,0.0
2161306,Minh Khai - Bắc Từ Liêm,21.05,105.74,17144.4,6.31,16.06,55.84,5.71,0.0
2161306,Minh Khai - Bắc Từ Liêm,21.05,105.74,16981.5,6.03,11.09,56.17,5.44,0.0
2161306,Minh Khai - Bắc Từ Liêm,21.05,105.74,15702.1,6.06,13.78,55.39,5.47,0.75
2161306,Minh Khai - Bắc Từ Liêm,21.05,105.74,14651.4,5.74,18.35,56.88,5.35,3.21
2161306,Minh Khai - Bắc Từ Liêm,21.05,105.74,14719.9,5.61,20.25,55.12,5.18,11.7
2161306,Minh Khai - Bắc Từ Liêm,21.05,105.74,16631.5,5.72,31.3,53.17,6.14,6.84
2161306,Minh Khai - Bắc Từ Liêm,21.05,105.74,16970.5,5.5,25.06,53.4,6.86,4.79
2161306,Minh Khai - Bắc Từ Liêm,21.05,105.74,14959.8,5.13,28.98,54.94,6.95,18.48
2161306,Minh Khai - Bắc Từ Liêm,21.05,105.74,19630.4,5.48,23.34,53.63,6.85,13.89
2161306,Minh Khai - Bắc Từ Liêm,21.05,105.74,18897.5,5.87,28.92,51.9,7.0,5.02
2161306,Minh Khai - Bắc Từ Liêm,21.05,105.74,18630.4,5.51,22.62,51.23,9.68,12.25
2161306,Minh Khai - Bắc Từ Liêm,21.05,105.74,19179.1,5.93,30.85,49.17,10.5,3.58
2161306,Minh Khai - Bắc Từ Liêm,21.05,105.74,19462.5,5.76,20.56,46.63,9.95,0.0
2161306,Minh Khai - Bắc Từ Liêm,21.05,105.74,17823.8,5.78,24.18,41.33,10.01,1.56
2161306,Minh Khai - Bắc Từ Liêm,21.05,105.74,14747.8,5.89,18.36,42.18,8.33,4.27
2161306,Minh Khai - Bắc Từ Liêm,21.05,105.74,12689.0,6.13,13.84,45.75,6.71,4.41
2161306,Minh Khai - Bắc Từ Liêm,21.05,105.74,10701.1,5.7,35.2,42.59,18.3,6.17
2161306,Minh Khai - Bắc Từ Liêm,21.05,105.74,10051.7,5.83,14.89,38.18,23.41,0.11
2161306,Minh Khai - Bắc Từ Liêm,21.05,105.74,9230.9,6.39,9.09,35.87,17.62,0.0
2161306,Minh Khai - Bắc Từ Liêm,21.05,105.74,8417.6,6.11,9.88,37.52,12.87,0.0
2161306,Minh Khai - Bắc Từ Liêm,21.05,105.74,8812.7,6.04,12.7,38.81,9.44,0.0
2161306,Minh Khai - Bắc Từ Liêm,21.05,105.74,12903.9,5.89,11.45,40.83,8.51,0.0
2161306,Minh Khai - Bắc Từ Liêm,21.05,105.74,15692.1,5.74,29.54,46.16,16.18,1.02
2161306,Minh Khai - Bắc Từ Liêm,21.05,105.74,30270.0,6.11,16.41,50.9,18.25,0.0
2161306,Minh Khai - Bắc Từ Liêm,21.05,105.74,26098.6,6.14,12.59,62.56,14.47,0.0
2161306,Minh Khai - Bắc Từ Liêm,21.05,105.74,21605.2,5.92,17.16,74.12,16.54,0.0
2161306,Minh Khai - Bắc Từ Liêm,21.05,105.74,19607.1,5.85,16.21,71.84,17.1,0.21
2161306,Minh Khai - Bắc Từ Liêm,21.05,105.74,20663.9,5.92,22.09,64.75,13.36,0.26
2161306,Minh Khai - Bắc Từ Liêm,21.05,105.74,21077.7,5.23,22.9,61.63,18.91,12.3
2161306,Minh Khai - Bắc Từ Liêm,21.05,105.74,19613.2,5.04,22.14,57.02,20.96,19.64
2161306,Minh Khai - Bắc Từ Liêm,21.05,105.74,21669.6,5.6,21.76,42.57,13.39,9.77
2161306,Minh Khai - Bắc Từ Liêm,21.05,105.74,23667.8,5.41,27.17,46.44,10.09,2.29
2161306,Minh Khai - Bắc Từ Liêm,21.05,105.74,29945.6,5.44,21.28,51.14,8.05,8.06
2161306,Minh Khai - Bắc Từ Liêm,21.05,105.74,31985.3,5.49,16.9,51.09,6.09,0.13
2161306,Minh Khai - Bắc Từ Liêm,21.05,105.74,26545.5,5.73,25.37,49.87,4.56,0.21
2161306,Minh Khai - Bắc Từ Liêm,21.05,105.74,22247.2,5.46,21.86,51.4,5.79,9.61
2161306,Minh Khai - Bắc Từ Liêm,21.05,105.74,21219.2,5.6,18.93,50.26,7.49,10.06
2161306,Minh Khai - Bắc Từ Liêm,21.05,105.74,20195.1,5.98,38.57,50.5,7.77,0.03
2161306,Minh Khai - Bắc Từ Liêm,21.05,105.74,16965.6,6.2,35.21,51.44,7.17,0.0
2161306,Minh Khai - Bắc Từ Liêm,21.05,105.74,10099.0,5.9,24.56,45.89,5.89,3.83
2161306,Minh Khai - Bắc Từ Liêm,21.05,105.74,8409.9,5.77,25.64,43.37,5.35,3.47
2161306,Minh Khai - Bắc Từ Liêm,21.05,105.74,7864.1,5.71,19.6,45.9,6.39,5.26
2161306,Minh Khai - Bắc Từ Liêm,21.05,105.74,9480.0,5.77,33.86,45.3,6.47,3.58
2161306,Minh Khai - Bắc Từ Liêm,21.05,105.74,10622.2,5.88,26.43,48.21,6.57,0.0
2161306,Minh Khai - Bắc Từ Liêm,21.05,105.74,12337.8,5.58,24.48,50.83,6.99,0.0
2161306,Minh Khai - Bắc Từ Liêm,21.05,105.74,19081.6,5.7,14.47,55.63,5.9,1.02
2161306,Minh Khai - Bắc Từ Liêm,21.05,105.74,25225.7,5.81,18.15,61.78,6.0,2.17
2161306,Minh Khai - Bắc Từ Liêm,21.05,105.74,21044.1,5.57,17.34,63.75,5.91,4.74
2161306,Minh Khai - Bắc Từ Liêm,21.05,105.74,23292.6,5.56,29.9,67.64,5.52,4.14
2161306,Minh Khai - Bắc Từ Liêm,21.05,105.74,21502.0,5.61,12.92,73.08,5.24,0.0
2161306,Minh Khai - Bắc Từ Liêm,21.05,105.74,21197.6,5.55,16.35,74.88,4.71,1.35
2161306,Minh Khai - Bắc Từ Liêm,21.05,105.74,18630.0,5.51,31.45,74.54,5.15,1.75
2161306,Minh Khai - Bắc Từ Liêm,21.05,105.74,12268.7,5.55,40.05,77.22,4.81,1.44
2161306,Minh Khai - Bắc Từ Liêm,21.05,105.74,11392.7,5.07,30.59,69.5,4.8,7.34
2161306,Minh Khai - Bắc Từ Liêm,21.05,105.74,17372.6,5.18,35.2,61.17,5.85,10.75
2161306,Minh Khai - Bắc Từ Liêm,21.05,105.74,21891.2,5.71,51.35,63.43,5.94,0.48
2161306,Minh Khai - Bắc Từ Liêm,21.05,105.74,26770.5,5.48,23.92,67.66,5.83,0.79
2161306,Minh Khai - Bắc Từ Liêm,21.05,105.74,24425.6,5.64,26.27,69.37,6.27,3.07
2161306,Minh Khai - Bắc Từ Liêm,21.05,105.74,19817.9,5.69,27.11,63.86,6.02,5.31
2161306,Minh Khai - Bắc Từ Liêm,21.05,105.74,19060.1,5.53,21.36,61.02,4.81,8.17
2161306,Minh Khai - Bắc Từ Liêm,21.05,105.74,20298.3,5.41,32.72,63.16,3.78,5.22
2161306,Minh Khai - Bắc Từ Liêm,21.05,105.74,20856.3,6.0,15.3,64.92,4.54,0.0
2161306,Minh Khai - Bắc Từ Liêm,21.05,105.74,15782.2,5.78,21.38,63.79,6.13,0.0
2161306,Minh Khai - Bắc Từ Liêm,21.05,105.74,11017.3,5.86,22.38,57.72,7.55,2.5
2161306,Minh Khai - Bắc Từ Liêm,21.05,105.74,9700.9,5.93,23.51,53.66,7.62,2.28
2161306,Minh Khai - Bắc Từ Liêm,21.05,105.74,8302.5,5.51,16.9,53.52,11.57,5.27
2161306,Minh Khai - Bắc Từ Liêm,21.05,105.74,9354.1,5.66,38.61,49.44,12.86,2.95
2161306,Minh Khai - Bắc Từ Liêm,21.05,105.74,11650.4,5.84,12.76,47.3,11.11,0.0
2161306,Minh Khai - Bắc Từ Liêm,21.05,105.74,15807.9,5.7,11.42,50.61,9.96,0.0
2161306,Minh Khai - Bắc Từ Liêm,21.05,105.74,22719.6,5.77,9.21,56.36,9.44,0.38
2161306,Minh Khai - Bắc Từ Liêm,21.05,105.74,33842.3,5.84,12.22,62.99,7.85,1.38
2161306,Minh Khai - Bắc Từ Liêm,21.05,105.74,25507.3,5.55,13.14,68.56,6.84,4.76
2161306,Minh Khai - Bắc Từ Liêm,21.05,105.74,26662.5,5.81,36.46,74.89,7.48,3.42
2161306,Minh Khai - Bắc Từ Liêm,21.05,105.74,23553.7,5.96,11.16,74.43,7.45,0.0
2161306,Minh Khai - Bắc Từ Liêm,21.05,105.74,22341.8,5.44,17.92,71.38,6.32,3.64
2161306,Minh Khai - Bắc Từ Liêm,21.05,105.74,18655.0,5.12,18.27,73.91,16.71,22.5
2161306,Minh Khai - Bắc Từ Liêm,21.05,105.74,16230.9,5.35,16.15,74.39,21.42,19.67
2161306,Minh Khai - Bắc Từ Liêm,21.05,105.74,11001.2,5.07,38.75,69.18,17.35,21.44
2161306,Minh Khai - Bắc Từ Liêm,21.05,105.74,9897.2,5.03,34.28,64.66,14.12,30.64
2161306,Minh Khai - Bắc Từ Liêm,21.05,105.74,19001.9,5.44,34.15,60.78,11.93,14.97
2161306,Minh Khai - Bắc Từ Liêm,21.05,105.74,23922.1,5.35,21.91,58.79,10.39,9.9
2161306,Minh Khai - Bắc Từ Liêm,21.05,105.74,26767.4,5.59,14.49,58.73,8.64,10.69
2161306,Minh Khai - Bắc Từ Liêm,21.05,105.74,24217.5,5.82,12.7,60.22,6.56,3.05
2161306,Minh Khai - Bắc Từ Liêm,21.05,105.74,20429.8,5.55,12.4,61.6,5.69,7.88
2161306,Minh Khai - Bắc Từ Liêm,21.05,105.74,19887.1,5.64,25.56,58.24,5.3,7.67
2161306,Minh Khai - Bắc Từ Liêm,21.05,105.74,18358.4,5.91,37.97,57.69,4.8,0.0
2161306,Minh Khai - Bắc Từ Liêm,21.05,105.74,15894.6,5.75,18.33,55.54,3.9,1.12
2161306,Minh Khai - Bắc Từ Liêm,21.05,105.74,11115.4,5.77,13.92,48.59,3.32,0.0
2161306,Minh Khai - Bắc Từ Liêm,21.05,105.74,9236.0,5.77,12.11,44.92,4.52,0.07
2161306,Minh Khai - Bắc Từ Liêm,21.05,105.74,8278.1,5.53,12.71,44.57,5.41,1.6
2161306,Minh Khai - Bắc Từ Liêm,21.05,105.74,8932.0,5.66,34.22,46.62,5.92,1.69
2161306,Minh Khai - Bắc Từ Liêm,21.05,105.74,11437.8,5.95,18.35,47.7,6.48,0.0
2161306,Minh Khai - Bắc Từ Liêm,21.05,105.74,14322.7,5.78,7.56,44.42,5.96,0.0
2161306,Minh Khai - Bắc Từ Liêm,21.05,105.74,20241.0,6.02,12.14,39.37,6.37,0.0
2161306,Minh Khai - Bắc Từ Liêm,21.05,105.74,23912.1,6.16,10.93,35.61,6.09,0.0
2161306,Minh Khai - Bắc Từ Liêm,21.05,105.74,25930.6,5.84,13.77,39.17,6.26,0.75
2161306,Minh Khai - Bắc Từ Liêm,21.05,105.74,24170.1,6.02,33.01,48.81,6.61,0.95
2161306,Minh Khai - Bắc Từ Liêm,21.05,105.74,22075.8,6.07,7.36,48.97,6.7,0.0
2161306,Minh Khai - Bắc Từ Liêm,21.05,105.74,22059.1,5.95,15.46,47.36,5.81,0.0
2161306,Minh Khai - Bắc Từ Liêm,21.05,105.74,21433.0,6.01,16.98,47.87,6.19,0.0
2161306,Minh Khai - Bắc Từ Liêm,21.05,105.74,18448.9,5.97,15.94,49.3,8.46,0.0
2161306,Minh Khai - Bắc Từ Liêm,21.05,105.74,19258.5,5.51,11.87,49.65,9.25,2.62
2161306,Minh Khai - Bắc Từ Liêm,21.05,105.74,19386.7,5.33,28.18,45.17,7.9,5.27
2161306,Minh Khai - Bắc Từ Liêm,21.05,105.74,22491.2,5.62,30.19,42.88,5.99,0.0
2161306,Minh Khai - Bắc Từ Liêm,21.05,105.74,28943.9,5.38,8.62,42.47,5.02,0.53
2161306,Minh Khai - Bắc Từ Liêm,21.05,105.74,28099.6,5.69,8.67,36.81,4.62,3.03
2161306,Minh Khai - Bắc Từ Liêm,21.05,105.74,20614.9,5.99,14.0,31.91,4.47,0.01
2161306,Minh Khai - Bắc Từ Liêm,21.05,105.74,18232.0,5.76,10.12,32.87,4.8,1.49
2161306,Minh Khai - Bắc Từ Liêm,21.05,105.74,19221.6,5.78,31.1,28.04,4.28,1.54
2161306,Minh Khai - Bắc Từ Liêm,21.05,105.74,17947.3,6.19,9.79,24.6,3.21,0.0
2161306,Minh Khai - Bắc Từ Liêm,21.05,105.74,14231.9,6.15,14.27,27.34,3.8,0.0
2161306,Minh Khai - Bắc Từ Liêm,21.05,105.74,9834.2,6.01,8.93,27.54,5.24,2.87
2161306,Minh Khai - Bắc Từ Liêm,21.05,105.74,7907.0,6.18,15.2,29.09,5.93,2.14
2161306,Minh Khai - Bắc Từ Liêm,21.05,105.74,7973.9,5.93,23.65,31.18,7.06,3.19
2161306,Minh Khai - Bắc Từ Liêm,21.05,105.74,6795.2,6.32,20.6,30.99,8.22,0.16
2161306,Minh Khai - Bắc Từ Liêm,21.05,105.74,9828.8,6.47,8.57,32.12,8.51,0.0
2161306,Minh Khai - Bắc Từ Liêm,21.05,105.74,16080.2,6.26,11.92,31.76,7.39,0.0
2161306,Minh Khai - Bắc Từ Liêm,21.05,105.74,18325.1,6.17,7.26,37.28,6.27,0.17
2161306,Minh Khai - Bắc Từ Liêm,21.05,105.74,19135.6,6.25,9.29,46.33,6.76,0.74
2161306,Minh Khai - Bắc Từ Liêm,21.05,105.74,19933.1,6.06,23.72,49.78,6.68,2.82
2161306,Minh Khai - Bắc Từ Liêm,21.05,105.74,12890.1,6.51,11.35,53.36,7.15,0.18
2161306,Minh Khai - Bắc Từ Liêm,21.05,105.74,9535.7,6.59,3.9,55.37,6.89,0.0
2161306,Minh Khai - Bắc Từ Liêm,21.05,105.74,7539.1,6.6,7.73,52.5,7.07,0.0
2161306,Minh Khai - Bắc Từ Liêm,21.05,105.74,6553.8,6.2,7.95,49.56,7.87,0.0
2161306,Minh Khai - Bắc Từ Liêm,21.05,105.74,5593.0,6.32,10.05,41.97,7.15,0.0
2161306,Minh Khai - Bắc Từ Liêm,21.05,105.74,5437.9,6.15,23.94,37.57,6.37,0.47
2161306,Minh Khai - Bắc Từ Liêm,21.05,105.74,5827.4,6.46,17.87,33.93,6.85,0.0
2161306,Minh Khai - Bắc Từ Liêm,21.05,105.74,6034.4,6.57,7.84,33.04,6.68,0.0
2161306,Minh Khai - Bắc Từ Liêm,21.05,105.74,6579.1,6.45,10.51,33.89,6.38,0.0
2161306,Minh Khai - Bắc Từ Liêm,21.05,105.74,5922.0,6.31,7.63,33.06,8.47,0.0
2161306,Minh Khai - Bắc Từ Liêm,21.05,105.74,5426.9,6.3,17.52,38.34,8.88,0.0
2161306,Minh Khai - Bắc Từ Liêm,21.05,105.74,5160.0,6.33,29.67,37.44,6.88,0.0
2161306,Minh Khai - Bắc Từ Liêm,21.05,105.74,5409.0,6.76,15.77,33.72,5.52,0.0
2161306,Minh Khai - Bắc Từ Liêm,21.05,105.74,5002.3,6.69,21.34,30.94,4.88,0.0
2161306,Minh Khai - Bắc Từ Liêm,21.05,105.74,4448.8,6.75,18.85,24.58,5.29,0.0
2161306,Minh Khai - Bắc Từ Liêm,21.05,105.74,4598.9,6.56,6.34,18.63,6.39,3.96
2161306,Minh Khai - Bắc Từ Liêm,21.05,105.74,4587.7,6.68,4.22,17.49,6.98,4.28
2161306,Minh Khai - Bắc Từ Liêm,21.05,105.74,4573.9,6.5,12.16,19.29,5.95,5.69
2161306,Minh Khai - Bắc Từ Liêm,21.05,105.74,5069.9,6.65,15.11,17.16,5.54,0.23
2161306,Minh Khai - Bắc Từ Liêm,21.05,105.74,5291.9,6.81,20.77,13.59,5.05,0.0
2161306,Minh Khai - Bắc Từ Liêm,21.05,105.74,5016.9,6.81,17.89,11.8,4.18,0.0
2161306,Minh Khai - Bắc Từ Liêm,21.05,105.74,4058.6,6.71,7.08,9.61,4.69,0.63
2161306,Minh Khai - Bắc Từ Liêm,21.05,105.74,4331.3,6.74,5.52,7.69,5.29,1.73
2161306,Minh Khai - Bắc Từ Liêm,21.05,105.74,4855.9,6.75,8.96,8.25,5.4,3.14
2161306,Minh Khai - Bắc Từ Liêm,21.05,105.74,6677.3,7.14,16.6,9.08,5.27,0.01
2161306,Minh Khai - Bắc Từ Liêm,21.05,105.74,6611.0,7.11,17.05,8.76,6.08,0.0
2161306,Minh Khai - Bắc Từ Liêm,21.05,105.74,6129.2,6.92,5.37,8.47,6.65,0.0
2161306,Minh Khai - Bắc Từ Liêm,21.05,105.74,5337.0,6.8,15.43,9.64,7.19,0.08
2161306,Minh Khai - Bắc Từ Liêm,21.05,105.74,4826.5,6.92,22.01,10.15,7.71,0.08
2161306,Minh Khai - Bắc Từ Liêm,21.05,105.74,5074.9,6.88,21.67,13.39,8.38,0.52
2161306,Minh Khai - Bắc Từ Liêm,21.05,105.74,6092.7,6.86,16.91,14.74,8.79,0.0
2161306,Minh Khai - Bắc Từ Liêm,21.05,105.74,6260.9,7.2,16.29,10.6,8.61,0.0
2161306,Minh Khai - Bắc Từ Liêm,21.05,105.74,6112.1,6.94,4.34,8.34,7.41,0.0
2161306,Minh Khai - Bắc Từ Liêm,21.05,105.74,6398.5,6.85,8.96,8.5,6.75,0.02
2161306,Minh Khai - Bắc Từ Liêm,21.05,105.74,5824.7,6.73,4.1,8.19,6.35,0.0
2161306,Minh Khai - Bắc Từ Liêm,21.05,105.74,6080.9,6.83,6.05,6.47,5.3,0.0
2161306,Minh Khai - Bắc Từ Liêm,21.05,105.74,6661.4,7.14,18.55,4.97,5.81,0.0
2161306,Minh Khai - Bắc Từ Liêm,21.05,105.74,5486.6,7.13,11.39,3.57,6.67,0.0
2161306,Minh Khai - Bắc Từ Liêm,21.05,105.74,5749.8,7.06,7.96,2.74,7.13,0.0
2161306,Minh Khai - Bắc Từ Liêm,21.05,105.74,2183.3,6.88,9.14,3.12,7.09,2.54
2161306,Minh Khai - Bắc Từ Liêm,21.05,105.74,1950.7,6.76,4.7,7.14,5.92,0.48
2161306,Minh Khai - Bắc Từ Liêm,21.05,105.74,3271.0,6.87,6.48,8.98,4.39,0.09
2161306,Minh Khai - Bắc Từ Liêm,21.05,105.74,4304.2,6.99,22.56,6.54,4.84,0.0
2161306,Minh Khai - Bắc Từ Liêm,21.05,105.74,4433.6,7.14,11.83,4.87,6.03,0.0
2161306,Minh Khai - Bắc Từ Liêm,21.05,105.74,4432.7,7.0,8.53,7.54,7.15,0.0
2161306,Minh Khai - Bắc Từ Liêm,21.05,105.74,4185.1,6.65,7.47,9.05,6.68,0.76
2161306,Minh Khai - Bắc Từ Liêm,21.05,105.74,3702.7,6.88,5.24,11.34,5.5,0.04
2161306,Minh Khai - Bắc Từ Liêm,21.05,105.74,3899.3,6.91,4.92,13.49,4.52,0.02
2161306,Minh Khai - Bắc Từ Liêm,21.05,105.74,4410.2,7.22,21.34,10.21,4.3,0.0
2161306,Minh Khai - Bắc Từ Liêm,21.05,105.74,4459.7,7.15,8.44,7.22,5.04,0.0
2161306,Minh Khai - Bắc Từ Liêm,21.05,105.74,3862.2,7.11,8.13,5.42,6.01,0.0
2161306,Minh Khai - Bắc Từ Liêm,21.05,105.74,4173.3,6.73,13.54,6.07,7.32,1.3
2161306,Minh Khai - Bắc Từ Liêm,21.05,105.74,3950.6,6.82,10.1,8.83,7.16,1.91
2161306,Minh Khai - Bắc Từ Liêm,21.05,105.74,3865.7,6.63,27.06,8.86,6.45,2.64
2161306,Minh Khai - Bắc Từ Liêm,21.05,105.74,4971.0,6.93,17.81,6.84,6.43,0.24
2161306,Minh Khai - Bắc Từ Liêm,21.05,105.74,5420.9,7.03,14.79,5.97,5.67,0.0
2161306,Minh Khai - Bắc Từ Liêm,21.05,105.74,4603.6,6.94,7.12,6.59,5.16,0.0
2161306,Minh Khai - Bắc Từ Liêm,21.05,105.74,4627.5,6.66,7.64,14.21,4.69,1.36
2161306,Minh Khai - Bắc Từ Liêm,21.05,105.74,4258.3,6.79,5.78,19.39,5.5,1.46
2161306,Minh Khai - Bắc Từ Liêm,21.05,105.74,4649.3,6.64,7.62,20.42,6.16,1.6
2161306,Minh Khai - Bắc Từ Liêm,21.05,105.74,5446.3,6.99,14.97,19.25,6.37,0.1
2161306,Minh Khai - Bắc Từ Liêm,21.05,105.74,4749.7,6.95,10.97,17.89,5.67,0.0
2161306,Minh Khai - Bắc Từ Liêm,21.05,105.74,4187.6,7.0,7.91,19.0,5.39,0.0
2161306,Minh Khai - Bắc Từ Liêm,21.05,105.74,1685.1,6.67,7.32,21.91,5.74,4.8
2161306,Minh Khai - Bắc Từ Liêm,21.05,105.74,1273.0,6.86,4.82,23.35,5.31,3.43
2161306,Minh Khai - Bắc Từ Liêm,21.05,105.74,1577.2,6.6,4.9,31.63,4.8,2.72
2161306,Minh Khai - Bắc Từ Liêm,21.05,105.74,2575.7,6.96,17.31,41.72,4.17,0.3
2161306,Minh Khai - Bắc Từ Liêm,21.05,105.74,2234.4,7.07,12.27,36.14,3.7,0.0
2161306,Minh Khai - Bắc Từ Liêm,21.05,105.74,1821.4,7.08,8.0,27.46,4.46,0.0
2161306,Minh Khai - Bắc Từ Liêm,21.05,105.74,3283.3,6.75,9.25,21.49,5.36,2.47
2161306,Minh Khai - Bắc Từ Liêm,21.05,105.74,5028.8,6.84,11.51,19.29,5.62,3.5
2161306,Minh Khai - Bắc Từ Liêm,21.05,105.74,5227.2,7.05,12.84,19.57,6.53,3.3
2161306,Minh Khai - Bắc Từ Liêm,21.05,105.74,5422.4,7.17,16.28,17.57,7.8,0.52
2161306,Minh Khai - Bắc Từ Liêm,21.05,105.74,4416.2,7.07,8.85,15.06,8.43,0.0
2161306,Minh Khai - Bắc Từ Liêm,21.05,105.74,3842.4,7.04,7.13,16.2,8.94,0.01
2161306,Minh Khai - Bắc Từ Liêm,21.05,105.74,3638.7,6.76,8.16,21.29,8.98,4.07
2161306,Minh Khai - Bắc Từ Liêm,21.05,105.74,2925.7,6.71,10.67,23.71,7.51,6.5
2161306,Minh Khai - Bắc Từ Liêm,21.05,105.74,3332.8,6.4,19.03,23.86,7.02,9.87
2161306,Minh Khai - Bắc Từ Liêm,21.05,105.74,3791.9,6.85,14.86,22.63,7.03,4.28
2161306,Minh Khai - Bắc Từ Liêm,21.05,105.74,4459.1,6.83,16.28,20.35,6.95,0.0
2161306,Minh Khai - Bắc Từ Liêm,21.05,105.74,4440.6,6.97,14.32,21.62,6.23,0.05
2161306,Minh Khai - Bắc Từ Liêm,21.05,105.74,3980.7,6.71,12.97,27.51,5.69,3.95
2161306,Minh Khai - Bắc Từ Liêm,21.05,105.74,3244.3,6.68,5.26,29.71,6.12,5.34
2161306,Minh Khai - Bắc Từ Liêm,21.05,105.74,3092.9,6.7,6.02,31.08,6.99,6.24
2161306,Minh Khai - Bắc Từ Liêm,21.05,105.74,4204.8,7.05,16.63,28.95,6.68,1.46
2161306,Minh Khai - Bắc Từ Liêm,21.05,105.74,3745.2,7.15,16.73,21.2,5.44,0.0
2161306,Minh Khai - Bắc Từ Liêm,21.05,105.74,3095.8,7.1,8.65,18.64,4.55,0.0
2161306,Minh Khai - Bắc Từ Liêm,21.05,105.74,1589.4,6.94,6.04,16.96,4.02,5.73
2161306,Minh Khai - Bắc Từ Liêm,21.05,105.74,975.8,6.89,1.2,12.98,3.4,4.48
2161306,Minh Khai - Bắc Từ Liêm,21.05,105.74,1215.1,6.85,4.4,9.67,3.43,3.55
2161306,Minh Khai - Bắc Từ Liêm,21.05,105.74,2473.0,7.21,19.3,7.51,4.57,0.72
2161306,Minh Khai - Bắc Từ Liêm,21.05,105.74,2414.9,7.12,12.8,6.02,5.16,0.0
2161306,Minh Khai - Bắc Từ Liêm,21.05,105.74,2264.9,7.23,10.52,6.39,6.18,0.0
2161306,Minh Khai - Bắc Từ Liêm,21.05,105.74,2269.1,6.88,8.3,7.24,7.0,3.76
2161306,Minh Khai - Bắc Từ Liêm,21.05,105.74,2740.4,6.98,1.88,11.4,6.71,3.64
2161306,Minh Khai - Bắc Từ Liêm,21.05,105.74,4399.1,7.05,4.92,14.62,7.05,2.4
2161306,Minh Khai - Bắc Từ Liêm,21.05,105.74,8833.0,8.98,12.0,12.44,6.73,
2161306,Minh Khai - Bắc Từ Liêm,21.05,105.74,7905.8,8.83,10.84,13.17,4.84,0.0
2161306,Minh Khai - Bắc Từ Liêm,21.05,105.74,5523.7,7.34,8.07,15.78,9.23,1.06
2161306,Minh Khai - Bắc Từ Liêm,21.05,105.74,5031.9,7.23,8.71,15.58,11.98,7.32
2161306,Minh Khai - Bắc Từ Liêm,21.05,105.74,4269.8,6.9,23.9,15.13,9.47,15.91
2161306,Minh Khai - Bắc Từ Liêm,21.05,105.74,4303.2,6.93,14.59,13.31,7.22,17.71
2161306,Minh Khai - Bắc Từ Liêm,21.05,105.74,6821.3,7.7,18.31,13.46,6.79,22.0
2161306,Minh Khai - Bắc Từ Liêm,21.05,105.74,6971.5,7.91,12.13,19.51,6.83,41.08
2161306,Minh Khai - Bắc Từ Liêm,21.05,105.74,6984.2,6.97,8.21,26.9,7.83,53.19
2161306,Minh Khai - Bắc Từ Liêm,21.05,105.74,6900.0,6.98,8.62,30.1,8.47,57.53
2161306,Minh Khai - Bắc Từ Liêm,21.05,105.74,6272.9,7.12,8.88,30.64,8.1,55.8
2161306,Minh Khai - Bắc Từ Liêm,21.05,105.74,5218.3,6.93,8.41,27.29,8.27,55.09
2161306,Minh Khai - Bắc Từ Liêm,21.05,105.74,4538.7,7.18,9.24,23.87,8.89,50.41
2161306,Minh Khai - Bắc Từ Liêm,21.05,105.74,3691.9,7.15,10.52,28.57,8.65,49.94
2161306,Minh Khai - Bắc Từ Liêm,21.05,105.74,4277.7,6.76,9.78,33.13,8.2,17.5
2161306,Minh Khai - Bắc Từ Liêm,21.05,105.74,3769.6,6.93,7.24,33.03,14.15,17.46
2161306,Minh Khai - Bắc Từ Liêm,21.05,105.74,3897.5,7.06,6.98,36.94,16.03,15.48
2161306,Minh Khai - Bắc Từ Liêm,21.05,105.74,4850.9,6.86,19.56,38.38,12.97,13.32
2161306,Minh Khai - Bắc Từ Liêm,21.05,105.74,4814.4,6.97,19.5,39.41,10.88,6.78
2161306,Minh Khai - Bắc Từ Liêm,21.05,105.74,4172.1,7.03,7.07,37.33,10.28,4.34
2161306,Minh Khai - Bắc Từ Liêm,21.05,105.74,4248.7,6.78,9.53,32.36,10.02,13.62
2161306,Minh Khai - Bắc Từ Liêm,21.05,105.74,4515.3,7.04,5.88,34.03,8.49,17.84
2161306,Minh Khai - Bắc Từ Liêm,21.05,105.74,5518.5,6.79,1.81,33.99,6.58,15.66
2161306,Minh Khai - Bắc Từ Liêm,21.05,105.74,6315.1,6.8,14.05,28.06,6.67,14.33
2161306,Minh Khai - Bắc Từ Liêm,21.05,105.74,6155.2,6.95,19.43,23.7,6.78,6.3
2161306,Minh Khai - Bắc Từ Liêm,21.05,105.74,6166.3,6.93,8.1,25.92,7.0,5.69
2161306,Minh Khai - Bắc Từ Liêm,21.05,105.74,5650.7,6.61,10.85,23.89,7.26,14.73
2161306,Minh Khai - Bắc Từ Liêm,21.05,105.74,5517.0,6.56,12.74,20.3,7.54,19.76
2161306,Minh Khai - Bắc Từ Liêm,21.05,105.74,5410.2,6.37,9.37,25.81,6.97,23.2
2161306,Minh Khai - Bắc Từ Liêm,21.05,105.74,5773.3,6.37,29.82,41.45,5.81,23.91
2161306,Minh Khai - Bắc Từ Liêm,21.05,105.74,6348.5,6.59,15.0,44.86,4.91,10.93
2161306,Minh Khai - Bắc Từ Liêm,21.05,105.74,6143.6,6.84,16.96,38.81,4.38,5.81
2161306,Minh Khai - Bắc Từ Liêm,21.05,105.74,7286.5,6.5,9.45,39.85,8.54,14.14
2161306,Minh Khai - Bắc Từ Liêm,21.05,105.74,7093.0,6.67,2.97,44.25,9.6,18.59
2161306,Minh Khai - Bắc Từ Liêm,21.05,105.74,7029.0,6.56,14.86,46.99,7.32,20.21
2161306,Minh Khai - Bắc Từ Liêm,21.05,105.74,6958.3,6.61,12.75,42.91,6.52,20.03
2161306,Minh Khai - Bắc Từ Liêm,21.05,105.74,6928.0,6.9,14.6,40.77,5.79,7.21
2161306,Minh Khai - Bắc Từ Liêm,21.05,105.74,6698.3,6.91,8.77,38.14,5.31,5.49
2161306,Minh Khai - Bắc Từ Liêm,21.05,105.74,5349.6,6.72,10.66,34.58,4.68,19.3
2161306,Minh Khai - Bắc Từ Liêm,21.05,105.74,4542.6,6.74,3.8,33.62,4.3,20.3
2161306,Minh Khai - Bắc Từ Liêm,21.05,105.74,4332.9,6.66,2.24,31.45,5.48,20.0
2161306,Minh Khai - Bắc Từ Liêm,21.05,105.74,5329.2,6.62,10.46,27.14,6.24,18.95
2161306,Minh Khai - Bắc Từ Liêm,21.05,105.74,5831.6,6.87,18.21,25.9,6.07,7.87
2161306,Minh Khai - Bắc Từ Liêm,21.05,105.74,5551.4,6.93,7.82,24.35,5.72,6.39
2161306,Minh Khai - Bắc Từ Liêm,21.05,105.74,5781.7,6.59,9.26,22.07,12.93,15.93
2161306,Minh Khai - Bắc Từ Liêm,21.05,105.74,6891.3,6.71,9.78,19.7,15.37,22.26
2161306,Minh Khai - Bắc Từ Liêm,21.05,105.74,6862.3,6.75,14.87,17.56,11.19,22.58
2161306,Minh Khai - Bắc Từ Liêm,21.05,105.74,6507.6,6.89,17.32,15.78,8.08,21.83
2161306,Minh Khai - Bắc Từ Liêm,21.05,105.74,6767.8,7.05,21.07,11.79,7.62,12.48
2161306,Minh Khai - Bắc Từ Liêm,21.05,105.74,6723.0,7.4,22.69,10.47,7.93,11.28
2161306,Minh Khai - Bắc Từ Liêm,21.05,105.74,5660.2,6.81,10.21,9.59,7.77,17.14
2161306,Minh Khai - Bắc Từ Liêm,21.05,105.74,6005.1,6.88,5.14,9.14,8.12,21.83
2161306,Minh Khai - Bắc Từ Liêm,21.05,105.74,5954.9,6.73,40.95,10.71,7.89,24.9
2161306,Minh Khai - Bắc Từ Liêm,21.05,105.74,6329.9,6.63,14.12,11.12,7.43,26.48
2161306,Minh Khai - Bắc Từ Liêm,21.05,105.74,6741.3,6.86,18.75,9.55,7.97,13.92
2161306,Minh Khai - Bắc Từ Liêm,21.05,105.74,7392.0,6.99,21.02,7.38,8.19,10.7
2161306,Minh Khai - Bắc Từ Liêm,21.05,105.74,5947.4,6.85,11.83,9.93,15.91,16.76
2161306,Minh Khai - Bắc Từ Liêm,21.05,105.74,5364.3,6.8,0.95,11.9,19.13,21.14
2161306,Minh Khai - Bắc Từ Liêm,21.05,105.74,5247.7,6.71,5.59,9.08,14.4,22.62
2161306,Minh Khai - Bắc Từ Liêm,21.05,105.74,5045.7,6.65,10.48,6.87,11.68,22.22
2161306,Minh Khai - Bắc Từ Liêm,21.05,105.74,5580.1,6.95,21.53,8.07,10.71,11.08
2161306,Minh Khai - Bắc Từ Liêm,21.05,105.74,5183.8,6.98,8.17,9.31,10.23,8.92
2161306,Minh Khai - Bắc Từ Liêm,21.05,105.74,2773.4,6.87,10.78,9.06,10.07,15.81
2161306,Minh Khai - Bắc Từ Liêm,21.05,105.74,2370.0,6.89,2.99,9.18,8.53,17.24
2161306,Minh Khai - Bắc Từ Liêm,21.05,105.74,2512.2,6.75,0.96,8.5,7.75,17.02
2161306,Minh Khai - Bắc Từ Liêm,21.05,105.74,3383.9,6.74,10.07,7.55,7.5,17.03
2161306,Minh Khai - Bắc Từ Liêm,21.05,105.74,4200.2,7.09,18.98,8.77,6.54,8.64
2161306,Minh Khai - Bắc Từ Liêm,21.05,105.74,4333.9,7.15,11.38,9.99,5.12,6.72
2161306,Minh Khai - Bắc Từ Liêm,21.05,105.74,3594.6,6.93,11.67,10.76,4.57,12.97
2161306,Minh Khai - Bắc Từ Liêm,21.05,105.74,3998.0,7.2,5.62,12.21,4.31,16.21
2161306,Minh Khai - Bắc Từ Liêm,21.05,105.74,4510.7,7.24,2.97,15.47,5.29,15.21
2161306,Minh Khai - Bắc Từ Liêm,21.05,105.74,4852.8,7.15,11.72,20.2,5.38,16.58
2161306,Minh Khai - Bắc Từ Liêm,21.05,105.74,5425.2,7.26,28.81,19.17,5.58,9.77
2161306,Minh Khai - Bắc Từ Liêm,21.05,105.74,5440.1,7.18,13.49,15.92,6.15,8.95
2161306,Minh Khai - Bắc Từ Liêm,21.05,105.74,4599.0,6.93,12.31,18.04,6.68,14.82
2161306,Minh Khai - Bắc Từ Liêm,21.05,105.74,4439.8,6.78,4.75,17.74,7.46,20.31
2161306,Minh Khai - Bắc Từ Liêm,21.05,105.74,4317.1,6.72,16.39,17.67,7.1,26.86
2161306,Minh Khai - Bắc Từ Liêm,21.05,105.74,4705.3,6.48,27.3,17.63,5.97,28.66
2161306,Minh Khai - Bắc Từ Liêm,21.05,105.74,4303.7,6.81,16.8,12.92,5.65,15.28
2161306,Minh Khai - Bắc Từ Liêm,21.05,105.74,5790.8,6.9,23.96,12.34,5.7,9.92
2161306,Minh Khai - Bắc Từ Liêm,21.05,105.74,5074.5,6.95,15.09,13.74,6.9,13.95
2161306,Minh Khai - Bắc Từ Liêm,21.05,105.74,4696.6,6.97,2.46,17.23,8.22,18.03
2161306,Minh Khai - Bắc Từ Liêm,21.05,105.74,5042.4,6.98,2.99,20.18,8.58,19.2
2161306,Minh Khai - Bắc Từ Liêm,21.05,105.74,5351.0,6.97,11.99,18.81,8.21,19.2
2161306,Minh Khai - Bắc Từ Liêm,21.05,105.74,6192.2,7.23,14.1,25.35,8.34,8.35
2161306,Minh Khai - Bắc Từ Liêm,21.05,105.74,5408.3,7.27,7.14,29.13,7.72,5.42
2161306,Minh Khai - Bắc Từ Liêm,21.05,105.74,3337.1,6.84,8.73,31.41,11.88,13.73
2161306,Minh Khai - Bắc Từ Liêm,21.05,105.74,2890.4,7.05,2.82,36.13,13.32,16.62
2161306,Minh Khai - Bắc Từ Liêm,21.05,105.74,2439.4,6.99,2.88,34.73,10.52,15.25
2161306,Minh Khai - Bắc Từ Liêm,21.05,105.74,2597.5,6.94,11.57,29.72,8.97,14.02
2161306,Minh Khai - Bắc Từ Liêm,21.05,105.74,3446.2,7.21,19.35,25.38,7.21,6.24
2161306,Minh Khai - Bắc Từ Liêm,21.05,105.74,3399.5,7.14,6.2,23.02,6.27,5.44
2161306,Minh Khai - Bắc Từ Liêm,21.05,105.74,2578.0,6.96,11.13,25.02,6.06,11.15
2161306,Minh Khai - Bắc Từ Liêm,21.05,105.74,2526.9,7.17,3.75,27.38,6.59,16.79
2161306,Minh Khai - Bắc Từ Liêm,21.05,105.74,2732.5,7.15,1.8,27.29,6.71,15.17
2161306,Minh Khai - Bắc Từ Liêm,21.05,105.74,3584.9,7.05,13.61,29.33,6.1,14.07
2161306,Minh Khai - Bắc Từ Liêm,21.05,105.74,4588.5,7.25,22.81,26.41,4.96,7.24
2161306,Minh Khai - Bắc Từ Liêm,21.05,105.74,4858.9,7.17,9.84,32.24,4.32,5.48
2161306,Minh Khai - Bắc Từ Liêm,21.05,105.74,5603.6,6.89,13.41,38.2,9.65,12.7
2161306,Minh Khai - Bắc Từ Liêm,21.05,105.74,5708.2,6.75,10.51,39.18,11.37,21.5
2161306,Minh Khai - Bắc Từ Liêm,21.05,105.74,5319.8,6.68,10.5,41.34,8.6,27.31
2161306,Minh Khai - Bắc Từ Liêm,21.05,105.74,6240.9,6.51,19.61,38.85,7.48,28.08
2161306,Minh Khai - Bắc Từ Liêm,21.05,105.74,6149.6,6.79,16.26,38.18,7.94,14.49
2161306,Minh Khai - Bắc Từ Liêm,21.05,105.74,6539.5,6.83,22.81,41.13,7.29,9.49
2161306,Minh Khai - Bắc Từ Liêm,21.05,105.74,6282.2,6.77,13.43,44.98,7.13,12.49
2161306,Minh Khai - Bắc Từ Liêm,21.05,105.74,10226.1,6.8,7.8,51.29,7.51,19.42
2161306,Minh Khai - Bắc Từ Liêm,21.05,105.74,12427.3,6.7,8.21,66.79,7.87,22.91
2161306,Minh Khai - Bắc Từ Liêm,21.05,105.74,12007.3,6.65,14.77,77.87,8.17,24.54
2161306,Minh Khai - Bắc Từ Liêm,21.05,105.74,12310.1,7.08,17.6,78.01,7.87,10.71
2161306,Minh Khai - Bắc Từ Liêm,21.05,105.74,12007.0,6.87,12.95,86.6,6.93,6.14
2161306,Minh Khai - Bắc Từ Liêm,21.05,105.74,8445.1,6.83,11.86,99.46,8.77,15.33
2161306,Minh Khai - Bắc Từ Liêm,21.05,105.74,7030.4,6.8,4.36,98.15,9.77,19.9
2161306,Minh Khai - Bắc Từ Liêm,21.05,105.74,6454.4,6.73,9.05,92.06,9.18,21.84
2161306,Minh Khai - Bắc Từ Liêm,21.05,105.74,6656.7,6.56,14.81,90.0,8.92,23.58
2161306,Minh Khai - Bắc Từ Liêm,21.05,105.74,6289.1,6.94,19.26,84.25,7.86,13.12
2161306,Minh Khai - Bắc Từ Liêm,21.05,105.74,7878.2,6.98,18.34,79.2,7.64,8.07
2161306,Minh Khai - Bắc Từ Liêm,21.05,105.74,7766.7,6.84,11.26,76.69,8.18,11.98
2161306,Minh Khai - Bắc Từ Liêm,21.05,105.74,10498.3,6.74,5.77,73.53,8.2,19.77
2161306,Minh Khai - Bắc Từ Liêm,21.05,105.74,10370.3,6.76,9.8,71.05,6.82,21.46
2161306,Minh Khai - Bắc Từ Liêm,21.05,105.74,9780.7,6.54,12.87,72.9,6.65,25.53
2161306,Minh Khai - Bắc Từ Liêm,21.05,105.74,11120.5,6.69,8.59,73.81,7.47,17.7
2161306,Minh Khai - Bắc Từ Liêm,21.05,105.74,11354.2,6.59,11.83,68.41,7.69,15.81
2161306,Minh Khai - Bắc Từ Liêm,21.05,105.74,11847.6,6.41,10.52,63.37,8.1,21.13
2161306,Minh Khai - Bắc Từ Liêm,21.05,105.74,,6.14,13.82,63.57,8.26,30.02
2161306,Minh Khai - Bắc Từ Liêm,21.05,105.74,11659.0,6.01,22.54,56.14,7.93,32.5
2161306,Minh Khai - Bắc Từ Liêm,21.05,105.74,12747.4,6.02,28.52,48.0,7.23,35.14
2161306,Minh Khai - Bắc Từ Liêm,21.05,105.74,16454.4,6.44,14.45,45.57,7.07,23.68
2161306,Minh Khai - Bắc Từ Liêm,21.05,105.74,17293.8,6.47,7.36,52.26,6.8,16.6
2161306,Minh Khai - Bắc Từ Liêm,21.05,105.74,18318.2,6.21,6.7,60.72,7.47,21.26
2161306,Minh Khai - Bắc Từ Liêm,21.05,105.74,17346.3,6.39,18.55,63.14,7.76,29.77
2161306,Minh Khai - Bắc Từ Liêm,21.05,105.74,14556.1,6.02,11.21,69.19,7.25,34.3
2161306,Minh Khai - Bắc Từ Liêm,21.05,105.74,16055.0,5.9,26.11,68.79,8.06,35.2
2161306,Minh Khai - Bắc Từ Liêm,21.05,105.74,15555.1,6.4,11.7,69.93,8.61,21.41
2161306,Minh Khai - Bắc Từ Liêm,21.05,105.74,11901.5,6.47,23.58,69.75,8.91,14.94
2161306,Minh Khai - Bắc Từ Liêm,21.05,105.74,11935.5,6.33,11.85,65.18,8.58,14.31
2161306,Minh Khai - Bắc Từ Liêm,21.05,105.74,11492.0,6.24,10.29,60.78,6.83,20.35
2161306,Minh Khai - Bắc Từ Liêm,21.05,105.74,9430.7,6.12,14.93,52.35,5.2,24.68
2161306,Minh Khai - Bắc Từ Liêm,21.05,105.74,10433.9,6.07,12.28,54.25,4.46,27.5
2161306,Minh Khai - Bắc Từ Liêm,21.05,105.74,12998.0,6.45,10.48,65.44,4.39,12.25
2161306,Minh Khai - Bắc Từ Liêm,21.05,105.74,16787.1,6.51,20.18,71.05,5.19,5.27
2161306,Minh Khai - Bắc Từ Liêm,21.05,105.74,21368.1,6.46,9.16,75.19,5.43,7.02
2161306,Minh Khai - Bắc Từ Liêm,21.05,105.74,26621.2,6.34,6.88,73.65,5.47,17.22
2161306,Minh Khai - Bắc Từ Liêm,21.05,105.74,26569.3,6.15,20.79,73.81,6.27,20.52
2161306,Minh Khai - Bắc Từ Liêm,21.05,105.74,21142.4,6.01,14.72,81.72,6.61,23.47
2161306,Minh Khai - Bắc Từ Liêm,21.05,105.74,18161.7,6.4,11.1,82.02,7.02,11.33
2161306,Minh Khai - Bắc Từ Liêm,21.05,105.74,15831.2,6.54,16.47,79.99,6.54,6.23
2161306,Minh Khai - Bắc Từ Liêm,21.05,105.74,14251.4,6.22,8.29,81.93,10.46,10.49
2161306,Minh Khai - Bắc Từ Liêm,21.05,105.74,13454.7,6.02,11.57,84.15,13.23,21.34
2161306,Minh Khai - Bắc Từ Liêm,21.05,105.74,11853.8,5.85,9.82,86.93,12.51,28.42
2161306,Minh Khai - Bắc Từ Liêm,21.05,105.74,14055.7,5.67,10.7,99.2,11.39,30.53
2161306,Minh Khai - Bắc Từ Liêm,21.05,105.74,15576.7,6.18,13.54,110.97,9.69,18.61
2161306,Minh Khai - Bắc Từ Liêm,21.05,105.74,15429.7,6.1,15.27,115.73,8.84,10.86
2161306,Minh Khai - Bắc Từ Liêm,21.05,105.74,18312.0,6.04,12.77,124.14,12.23,14.5
2161306,Minh Khai - Bắc Từ Liêm,21.05,105.74,19874.8,6.0,12.06,129.18,15.58,24.75
2161306,Minh Khai - Bắc Từ Liêm,21.05,105.74,20471.9,5.92,9.25,142.53,15.14,29.4
2161306,Minh Khai - Bắc Từ Liêm,21.05,105.74,23134.2,5.78,10.77,161.36,12.61,30.37
2161306,Minh Khai - Bắc Từ Liêm,21.05,105.74,24277.6,6.15,12.79,163.01,9.77,17.36
2161306,Minh Khai - Bắc Từ Liêm,21.05,105.74,21514.8,6.2,25.33,160.13,10.04,10.33
2161306,Minh Khai - Bắc Từ Liêm,21.05,105.74,23088.2,6.09,15.45,157.15,18.77,15.24
2161306,Minh Khai - Bắc Từ Liêm,21.05,105.74,19181.2,6.03,13.6,157.46,20.13,22.94
2161306,Minh Khai - Bắc Từ Liêm,21.05,105.74,16551.7,5.83,7.18,165.19,16.14,27.98
2161306,Minh Khai - Bắc Từ Liêm,21.05,105.74,15103.5,5.72,10.8,164.49,13.93,29.02
2161306,Minh Khai - Bắc Từ Liêm,21.05,105.74,17859.1,6.3,13.57,156.38,10.87,15.17
2161306,Minh Khai - Bắc Từ Liêm,21.05,105.74,20592.5,6.12,7.46,151.16,8.5,8.54
2161306,Minh Khai - Bắc Từ Liêm,21.05,105.74,24959.7,6.14,7.29,159.79,16.33,10.75
2161306,Minh Khai - Bắc Từ Liêm,21.05,105.74,37644.5,6.03,9.05,166.98,19.13,20.25
2161306,Minh Khai - Bắc Từ Liêm,21.05,105.74,29902.0,6.04,7.09,164.97,15.18,26.08
2161306,Minh Khai - Bắc Từ Liêm,21.05,105.74,23420.5,5.84,10.62,159.94,13.38,28.86
2161306,Minh Khai - Bắc Từ Liêm,21.05,105.74,20895.0,6.09,15.61,142.21,12.85,17.83
2161306,Minh Khai - Bắc Từ Liêm,21.05,105.74,17411.5,6.17,24.33,132.43,13.08,8.99
2161306,Minh Khai - Bắc Từ Liêm,21.05,105.74,18945.3,5.88,20.91,121.66,12.94,15.83
2161306,Minh Khai - Bắc Từ Liêm,21.05,105.74,16715.8,4.92,28.55,107.12,16.5,48.37
2161306,Minh Khai - Bắc Từ Liêm,21.05,105.74,,4.61,8.05,227.94,46.22,93.88
2161306,Minh Khai - Bắc Từ Liêm,21.05,105.74,,5.0,9.12,334.01,39.45,89.4
2161306,Minh Khai - Bắc Từ Liêm,21.05,105.74,,4.91,10.99,311.37,32.46,87.65
2161306,Minh Khai - Bắc Từ Liêm,21.05,105.74,,4.71,20.3,312.58,26.94,90.8
2161306,Minh Khai - Bắc Từ Liêm,21.05,105.74,65280.6,5.11,14.0,291.74,20.31,81.69
2161306,Minh Khai - Bắc Từ Liêm,21.05,105.74,42409.1,5.12,21.76,221.88,15.06,69.23
2161306,Minh Khai - Bắc Từ Liêm,21.05,105.74,77684.8,5.06,14.1,184.98,14.02,7.84
2161306,Minh Khai - Bắc Từ Liêm,21.05,105.74,60443.5,4.91,15.44,162.07,13.94,10.42
2161306,Minh Khai - Bắc Từ Liêm,21.05,105.74,44827.1,4.95,17.13,133.88,12.89,11.07
2161306,Minh Khai - Bắc Từ Liêm,21.05,105.74,32802.9,4.92,26.72,131.84,14.49,8.72
2161306,Minh Khai - Bắc Từ Liêm,21.05,105.74,28327.8,5.13,18.35,127.74,15.11,0.1
2161306,Minh Khai - Bắc Từ Liêm,21.05,105.74,28504.4,5.34,9.54,126.94,13.78,0.0
2161306,Minh Khai - Bắc Từ Liêm,21.05,105.74,21038.5,5.05,12.55,132.83,12.5,1.71
2161306,Minh Khai - Bắc Từ Liêm,21.05,105.74,20028.9,5.11,10.2,138.04,12.15,7.2
2161306,Minh Khai - Bắc Từ Liêm,21.05,105.74,16346.4,5.11,14.15,142.63,11.35,8.68
2161306,Minh Khai - Bắc Từ Liêm,21.05,105.74,13028.5,4.82,32.5,143.83,23.3,14.21
2161306,Minh Khai - Bắc Từ Liêm,21.05,105.74,3984.7,5.01,37.05,132.28,26.8,11.84
2161306,Minh Khai - Bắc Từ Liêm,21.05,105.74,2293.9,4.93,35.9,120.46,20.27,11.68
2161306,Minh Khai - Bắc Từ Liêm,21.05,105.74,1903.7,4.33,34.7,104.33,15.98,26.86
2161306,Minh Khai - Bắc Từ Liêm,21.05,105.74,619.1,4.34,35.96,74.91,11.85,47.16
2161306,Minh Khai - Bắc Từ Liêm,21.05,105.74,0.0,3.71,34.0,64.03,9.64,67.26
2161306,Minh Khai - Bắc Từ Liêm,21.05,105.74,,,79.75,39.58,64.31,
2161306,Minh Khai - Bắc Từ Liêm,21.05,105.74,0.0,4.97,38.4,36.88,63.53,67.1
2161306,Minh Khai - Bắc Từ Liêm,21.05,105.74,0.0,4.17,15.4,44.55,51.03,79.54
2161306,Minh Khai - Bắc Từ Liêm,21.05,105.74,52274.7,4.95,44.76,75.78,43.62,27.88
2161306,Minh Khai - Bắc Từ Liêm,21.05,105.74,33752.5,5.12,18.38,106.98,33.47,25.07
2161306,Minh Khai - Bắc Từ Liêm,21.05,105.74,24815.8,4.85,19.2,102.15,24.19,25.09
2161306,Minh Khai - Bắc Từ Liêm,21.05,105.74,20611.0,5.02,17.25,76.94,17.81,24.69
2161306,Minh Khai - Bắc Từ Liêm,21.05,105.74,16010.9,5.12,21.8,70.11,14.17,23.24
2161306,Minh Khai - Bắc Từ Liêm,21.05,105.74,17361.9,5.16,18.22,69.99,12.61,4.01
2161306,Minh Khai - Bắc Từ Liêm,21.05,105.74,17692.2,5.32,30.48,63.05,10.77,0.07
2161306,Minh Khai - Bắc Từ Liêm,21.05,105.74,12938.4,5.31,22.58,58.0,8.73,0.0
2161306,Minh Khai - Bắc Từ Liêm,21.05,105.74,13903.8,5.48,16.84,53.3,8.74,0.0
2161306,Minh Khai - Bắc Từ Liêm,21.05,105.74,12852.8,5.32,12.54,53.02,9.0,0.0
2161306,Minh Khai - Bắc Từ Liêm,21.05,105.74,9904.1,5.56,16.53,55.83,7.78,0.0
2161306,Minh Khai - Bắc Từ Liêm,21.05,105.74,8375.0,5.05,33.81,50.71,7.09,0.0
2161306,Minh Khai - Bắc Từ Liêm,21.05,105.74,8432.9,5.5,14.28,47.93,6.69,0.0
2161306,Minh Khai - Bắc Từ Liêm,21.05,105.74,6477.6,5.47,15.59,49.53,7.32,0.0
2161306,Minh Khai - Bắc Từ Liêm,21.05,105.74,7452.7,6.06,18.67,60.69,7.02,4.16
2161306,Minh Khai - Bắc Từ Liêm,21.05,105.74,7396.9,5.63,18.55,59.07,6.89,8.47
2161306,Minh Khai - Bắc Từ Liêm,21.05,105.74,6750.0,5.35,18.33,51.58,7.85,17.54
2161306,Minh Khai - Bắc Từ Liêm,21.05,105.74,7258.8,5.19,36.34,56.91,12.2,22.02
2161306,Minh Khai - Bắc Từ Liêm,21.05,105.74,7927.8,4.91,16.86,54.98,12.93,18.31
2161306,Minh Khai - Bắc Từ Liêm,21.05,105.74,9106.7,5.47,21.01,55.3,11.13,11.49
2161306,Minh Khai - Bắc Từ Liêm,21.05,105.74,8311.5,5.06,15.46,64.58,11.16,16.18
2161306,Minh Khai - Bắc Từ Liêm,21.05,105.74,19625.6,5.51,17.74,72.9,10.83,22.99
2161306,Minh Khai - Bắc Từ Liêm,21.05,105.74,32608.8,5.2,16.56,80.56,9.64,23.72
2161306,Minh Khai - Bắc Từ Liêm,21.05,105.74,29833.4,4.88,29.79,95.67,8.84,26.77
2161306,Minh Khai - Bắc Từ Liêm,21.05,105.74,36481.1,5.15,19.11,105.17,8.88,21.42
2161306,Minh Khai - Bắc Từ Liêm,21.05,105.74,30468.8,5.53,10.28,111.76,13.42,9.3
2161306,Minh Khai - Bắc Từ Liêm,21.05,105.74,27259.4,5.44,16.83,114.79,13.71,14.19
2161306,Minh Khai - Bắc Từ Liêm,21.05,105.74,22725.9,5.32,10.69,108.91,10.54,19.48
2161306,Minh Khai - Bắc Từ Liêm,21.05,105.74,19483.6,5.3,15.15,102.66,9.21,20.85
2161306,Minh Khai - Bắc Từ Liêm,21.05,105.74,16483.9,5.11,23.68,91.15,11.66,4.56
2161306,Minh Khai - Bắc Từ Liêm,21.05,105.74,14775.3,5.52,10.3,84.31,11.64,0.0
2161306,Minh Khai - Bắc Từ Liêm,21.05,105.74,11060.6,5.56,16.28,83.68,8.93,0.0
2161306,Minh Khai - Bắc Từ Liêm,21.05,105.74,10234.7,5.56,7.82,82.25,8.01,0.0
2161306,Minh Khai - Bắc Từ Liêm,21.05,105.74,9656.0,5.37,9.6,74.42,9.03,0.36
2161306,Minh Khai - Bắc Từ Liêm,21.05,105.74,13220.9,5.32,9.21,74.04,12.7,0.97
2161306,Minh Khai - Bắc Từ Liêm,21.05,105.74,15992.3,5.53,24.74,79.21,14.48,0.92
2161306,Minh Khai - Bắc Từ Liêm,21.05,105.74,24525.1,5.73,7.24,76.71,13.44,
2161306,Minh Khai - Bắc Từ Liêm,21.05,105.74,24729.5,5.71,17.16,78.88,11.21,0.0
2161306,Minh Khai - Bắc Từ Liêm,21.05,105.74,23736.4,5.43,5.91,80.08,9.46,0.0
2161306,Minh Khai - Bắc Từ Liêm,21.05,105.74,19199.9,7.53,10.22,83.14,7.95,0.23
2161306,Minh Khai - Bắc Từ Liêm,21.05,105.74,16120.8,9.61,9.15,87.36,14.62,1.17
2161306,Minh Khai - Bắc Từ Liêm,21.05,105.74,16244.6,9.86,21.58,84.85,26.45,2.36
2161306,Minh Khai - Bắc Từ Liêm,21.05,105.74,20230.2,9.98,11.14,90.19,27.73,0.0
2161306,Minh Khai - Bắc Từ Liêm,21.05,105.74,24128.4,9.92,22.83,96.22,21.61,0.0
2161306,Minh Khai - Bắc Từ Liêm,21.05,105.74,18121.4,9.58,7.49,97.41,21.25,0.0
2161306,Minh Khai - Bắc Từ Liêm,21.05,105.74,15949.6,9.68,12.91,96.58,19.61,0.72
2161306,Minh Khai - Bắc Từ Liêm,21.05,105.74,23777.2,9.49,14.21,103.3,16.3,2.28
2161306,Minh Khai - Bắc Từ Liêm,21.05,105.74,26273.8,9.43,22.41,124.46,15.2,1.62
2161306,Minh Khai - Bắc Từ Liêm,21.05,105.74,29728.4,10.16,9.15,136.63,21.54,0.0
2161306,Minh Khai - Bắc Từ Liêm,21.05,105.74,27818.9,10.06,24.49,139.08,22.09,0.0
2161306,Minh Khai - Bắc Từ Liêm,21.05,105.74,26961.3,9.77,6.52,140.8,16.41,0.0
2161306,Minh Khai - Bắc Từ Liêm,21.05,105.74,23243.3,9.5,13.01,138.34,13.65,0.46
2161306,Minh Khai - Bắc Từ Liêm,21.05,105.74,21325.9,9.64,12.79,132.26,12.14,2.92
2161306,Minh Khai - Bắc Từ Liêm,21.05,105.74,13723.0,9.32,18.66,126.54,9.57,4.23
2161306,Minh Khai - Bắc Từ Liêm,21.05,105.74,11144.3,9.87,14.0,119.95,7.17,0.0
2161306,Minh Khai - Bắc Từ Liêm,21.05,105.74,8624.8,10.02,18.84,109.92,7.76,0.0
2161306,Minh Khai - Bắc Từ Liêm,21.05,105.74,6937.1,9.84,9.3,98.66,8.03,0.0
2161306,Minh Khai - Bắc Từ Liêm,21.05,105.74,5466.4,9.71,14.84,89.38,9.27,0.0
2161306,Minh Khai - Bắc Từ Liêm,21.05,105.74,6617.3,9.68,10.27,88.36,10.76,0.61
2161306,Minh Khai - Bắc Từ Liêm,21.05,105.74,6152.2,9.46,12.32,90.4,10.46,0.98
2161306,Minh Khai - Bắc Từ Liêm,21.05,105.74,7278.3,10.21,12.63,88.07,9.97,0.0
2161306,Minh Khai - Bắc Từ Liêm,21.05,105.74,6702.4,10.28,27.65,87.09,8.59,0.0
2161306,Minh Khai - Bắc Từ Liêm,21.05,105.74,5263.6,10.19,7.18,87.32,6.47,0.0
2161306,Minh Khai - Bắc Từ Liêm,21.05,105.74,4069.7,10.03,15.46,86.87,5.28,0.0
2161306,Minh Khai - Bắc Từ Liêm,21.05,105.74,6021.5,9.59,10.6,86.85,4.49,0.57
2161306,Minh Khai - Bắc Từ Liêm,21.05,105.74,6190.0,9.93,21.02,83.59,5.69,1.47
2161306,Minh Khai - Bắc Từ Liêm,21.05,105.74,6574.9,10.07,12.39,79.37,7.42,0.0
2161306,Minh Khai - Bắc Từ Liêm,21.05,105.74,6586.0,10.15,14.09,72.74,7.44,0.0
2161306,Minh Khai - Bắc Từ Liêm,21.05,105.74,4988.7,9.87,7.76,64.09,7.02,0.0
2161306,Minh Khai - Bắc Từ Liêm,21.05,105.74,4796.3,9.95,11.09,58.39,5.93,0.01
2161306,Minh Khai - Bắc Từ Liêm,21.05,105.74,6335.3,10.13,7.67,54.15,4.46,1.9
2161306,Minh Khai - Bắc Từ Liêm,21.05,105.74,6453.4,9.38,11.65,52.64,3.76,1.94
2161306,Minh Khai - Bắc Từ Liêm,21.05,105.74,6608.0,10.31,10.86,47.11,3.97,0.0
2161306,Minh Khai - Bắc Từ Liêm,21.05,105.74,6494.3,10.4,23.05,51.08,4.76,0.0
2161306,Minh Khai - Bắc Từ Liêm,21.05,105.74,5711.8,10.15,7.98,52.89,8.82,0.0
2161306,Minh Khai - Bắc Từ Liêm,21.05,105.74,4888.7,10.01,5.8,48.03,9.72,0.0
2161306,Minh Khai - Bắc Từ Liêm,21.05,105.74,6889.2,10.06,8.68,46.78,8.77,0.31
2161306,Minh Khai - Bắc Từ Liêm,21.05,105.74,6545.1,9.84,13.14,39.35,7.9,1.59
2161306,Minh Khai - Bắc Từ Liêm,21.05,105.74,6321.4,10.29,12.28,30.61,9.58,0.0
2161306,Minh Khai - Bắc Từ Liêm,21.05,105.74,5767.3,10.39,14.04,23.46,10.09,0.0
2161306,Minh Khai - Bắc Từ Liêm,21.05,105.74,5607.4,9.98,9.77,28.09,6.42,0.05
2161306,Minh Khai - Bắc Từ Liêm,21.05,105.74,5058.5,9.98,15.62,31.17,14.27,2.66
2161306,Minh Khai - Bắc Từ Liêm,21.05,105.74,5367.2,10.73,14.4,32.72,18.82,
2161306,Minh Khai - Bắc Từ Liêm,21.05,105.74,6409.9,10.28,21.94,30.86,15.65,
2161306,Minh Khai - Bắc Từ Liêm,21.05,105.74,5377.0,10.33,13.35,27.52,13.66,
2161306,Minh Khai - Bắc Từ Liêm,21.05,105.74,4972.9,10.23,2.74,20.86,11.55,
2161306,Minh Khai - Bắc Từ Liêm,21.05,105.74,5616.8,,17.26,16.51,10.46,0.07
2161306,Minh Khai - Bắc Từ Liêm,21.05,105.74,6787.3,,17.73,17.26,10.37,0.55
2161306,Minh Khai - Bắc Từ Liêm,21.05,105.74,9154.4,8.16,17.59,21.4,9.58,0.0
2161306,Minh Khai - Bắc Từ Liêm,21.05,105.74,11213.1,8.09,19.41,24.99,8.84,0.0
2161306,Minh Khai - Bắc Từ Liêm,21.05,105.74,22160.4,8.19,12.01,30.16,7.26,5.93
2161306,Minh Khai - Bắc Từ Liêm,21.05,105.74,21751.9,7.9,15.12,36.06,6.22,14.89
2161306,Minh Khai - Bắc Từ Liêm,21.05,105.74,18155.4,7.8,11.11,38.21,8.71,21.54
2161306,Minh Khai - Bắc Từ Liêm,21.05,105.74,22731.0,8.01,35.68,39.1,6.35,5.12
2161306,Minh Khai - Bắc Từ Liêm,21.05,105.74,33310.0,7.49,15.1,40.26,6.85,21.75
2161306,Minh Khai - Bắc Từ Liêm,21.05,105.74,30872.6,8.09,9.66,37.92,7.45,11.86
2161306,Minh Khai - Bắc Từ Liêm,21.05,105.74,28764.6,8.37,15.48,35.27,8.01,7.44
2161306,Minh Khai - Bắc Từ Liêm,21.05,105.74,25625.6,7.94,17.89,32.74,8.7,13.95
2161306,Minh Khai - Bắc Từ Liêm,21.05,105.74,24238.2,8.13,18.74,28.54,9.87,7.79
2161306,Minh Khai - Bắc Từ Liêm,21.05,105.74,17243.5,8.48,15.67,25.91,10.13,0.41
2161306,Minh Khai - Bắc Từ Liêm,21.05,105.74,14303.5,8.41,9.0,24.84,10.77,3.27
2161306,Minh Khai - Bắc Từ Liêm,21.05,105.74,12018.3,8.34,14.18,22.92,12.18,4.27
2161306,Minh Khai - Bắc Từ Liêm,21.05,105.74,10628.1,8.38,18.7,20.4,12.26,4.81
2161306,Minh Khai - Bắc Từ Liêm,21.05,105.74,11859.7,8.1,19.87,17.47,10.98,6.61
2161306,Minh Khai - Bắc Từ Liêm,21.05,105.74,14278.1,8.51,40.4,16.86,10.69,0.38
2161306,Minh Khai - Bắc Từ Liêm,21.05,105.74,23029.0,8.6,70.6,19.06,9.64,0.0
2161306,Minh Khai - Bắc Từ Liêm,21.05,105.74,28721.3,8.42,9.34,19.08,8.05,2.23
2161306,Minh Khai - Bắc Từ Liêm,21.05,105.74,34615.2,8.42,8.16,27.12,8.45,4.59
2161306,Minh Khai - Bắc Từ Liêm,21.05,105.74,36112.1,8.53,8.48,34.05,9.48,5.94
2161306,Minh Khai - Bắc Từ Liêm,21.05,105.74,31673.3,8.15,7.9,32.44,10.36,12.29
2161306,Minh Khai - Bắc Từ Liêm,21.05,105.74,29991.4,8.04,22.46,38.61,10.58,10.16
2161306,Minh Khai - Bắc Từ Liêm,21.05,105.74,29806.7,8.1,44.33,38.56,10.02,7.42
2161306,Minh Khai - Bắc Từ Liêm,21.05,105.74,29341.5,7.37,14.62,33.89,9.35,19.35
2161306,Minh Khai - Bắc Từ Liêm,21.05,105.74,26876.6,6.97,21.01,34.83,7.63,33.59
2161306,Minh Khai - Bắc Từ Liêm,21.05,105.74,23193.0,7.62,15.76,35.7,6.24,18.04
2161306,Minh Khai - Bắc Từ Liêm,21.05,105.74,26265.7,7.38,20.84,29.93,7.26,21.46
2161306,Minh Khai - Bắc Từ Liêm,21.05,105.74,25433.0,7.69,18.82,24.06,9.02,19.04
2161306,Minh Khai - Bắc Từ Liêm,21.05,105.74,32559.9,8.08,15.13,26.48,8.67,7.0
2161306,Minh Khai - Bắc Từ Liêm,21.05,105.74,30496.5,7.83,10.6,26.37,8.2,12.74
2161306,Minh Khai - Bắc Từ Liêm,21.05,105.74,32580.8,8.05,22.94,26.62,7.67,9.48
2161306,Minh Khai - Bắc Từ Liêm,21.05,105.74,33069.5,8.42,10.68,29.28,7.23,6.76
2161306,Minh Khai - Bắc Từ Liêm,21.05,105.74,30070.9,7.86,11.27,34.66,8.21,14.12
2161306,Minh Khai - Bắc Từ Liêm,21.05,105.74,28771.8,8.04,19.28,35.38,9.57,10.83
2161306,Minh Khai - Bắc Từ Liêm,21.05,105.74,23967.8,8.26,5.87,28.07,10.45,3.5
2161306,Minh Khai - Bắc Từ Liêm,21.05,105.74,14005.8,8.17,10.98,26.73,10.73,6.47
2161306,Minh Khai - Bắc Từ Liêm,21.05,105.74,10886.8,8.39,25.88,26.57,11.4,4.09
2161306,Minh Khai - Bắc Từ Liêm,21.05,105.74,9294.1,8.26,22.41,23.5,10.82,6.28
2161306,Minh Khai - Bắc Từ Liêm,21.05,105.74,7973.1,7.81,18.31,25.95,10.03,11.39
2161306,Minh Khai - Bắc Từ Liêm,21.05,105.74,10308.9,8.11,13.87,25.38,10.29,7.06
2161306,Minh Khai - Bắc Từ Liêm,21.05,105.74,18692.9,8.35,62.96,22.7,10.63,0.57
2161306,Minh Khai - Bắc Từ Liêm,21.05,105.74,24505.9,8.37,10.4,27.08,11.38,2.8
2161306,Minh Khai - Bắc Từ Liêm,21.05,105.74,25334.0,8.38,9.36,27.02,10.48,4.04
2161306,Minh Khai - Bắc Từ Liêm,21.05,105.74,18720.8,8.38,8.8,26.94,10.41,7.69
2161306,Minh Khai - Bắc Từ Liêm,21.05,105.74,25284.8,7.88,12.09,32.07,10.11,15.2
2161306,Minh Khai - Bắc Từ Liêm,21.05,105.74,22938.0,8.05,18.69,34.86,9.13,13.09
2161306,Minh Khai - Bắc Từ Liêm,21.05,105.74,23754.5,8.28,41.84,35.35,8.64,4.25
2161306,Minh Khai - Bắc Từ Liêm,21.05,105.74,23138.1,7.54,11.84,34.57,9.55,16.39
2161306,Minh Khai - Bắc Từ Liêm,21.05,105.74,22099.7,6.47,17.84,30.84,9.39,40.26
2161306,Minh Khai - Bắc Từ Liêm,21.05,105.74,22447.9,6.49,11.72,27.65,9.45,49.56
2161306,Minh Khai - Bắc Từ Liêm,21.05,105.74,20932.5,6.79,21.52,27.81,8.44,48.64
2161306,Minh Khai - Bắc Từ Liêm,21.05,105.74,24943.0,6.99,12.96,27.09,6.18,33.8
2161306,Minh Khai - Bắc Từ Liêm,21.05,105.74,24661.0,6.72,10.74,26.3,6.12,44.15
2161306,Minh Khai - Bắc Từ Liêm,21.05,105.74,25082.1,6.4,15.24,27.71,13.91,58.16
2161306,Minh Khai - Bắc Từ Liêm,21.05,105.74,25133.0,6.96,15.23,31.94,15.99,43.26
2161306,Minh Khai - Bắc Từ Liêm,21.05,105.74,24558.3,7.62,21.05,34.32,11.71,22.74
2161306,Minh Khai - Bắc Từ Liêm,21.05,105.74,24605.3,7.11,12.58,30.3,14.61,27.27
2161306,Minh Khai - Bắc Từ Liêm,21.05,105.74,23080.6,6.81,11.45,27.96,14.94,38.26
2161306,Minh Khai - Bắc Từ Liêm,21.05,105.74,20282.1,7.22,22.75,24.73,11.16,30.51
2161306,Minh Khai - Bắc Từ Liêm,21.05,105.74,16844.1,8.1,17.84,21.81,18.25,12.19
2161306,Minh Khai - Bắc Từ Liêm,21.05,105.74,14335.8,7.35,11.75,23.47,21.48,16.42
2161306,Minh Khai - Bắc Từ Liêm,21.05,105.74,11781.2,7.81,14.11,22.36,17.18,16.04
2161306,Minh Khai - Bắc Từ Liêm,21.05,105.74,9196.3,8.14,22.58,17.95,14.83,7.35
2161306,Minh Khai - Bắc Từ Liêm,21.05,105.74,12784.1,7.57,13.84,14.67,12.4,15.94
2161306,Minh Khai - Bắc Từ Liêm,21.05,105.74,15756.6,7.89,24.83,12.02,10.72,13.74
2161306,Minh Khai - Bắc Từ Liêm,21.05,105.74,25204.0,8.06,7.81,11.76,9.45,5.09
2161306,Minh Khai - Bắc Từ Liêm,21.05,105.74,31467.0,7.62,9.22,15.61,15.18,12.26
2161306,Minh Khai - Bắc Từ Liêm,21.05,105.74,31234.1,7.83,11.61,19.6,18.11,16.93
2161306,Minh Khai - Bắc Từ Liêm,21.05,105.74,27035.1,8.28,22.54,18.89,15.05,6.3
2161306,Minh Khai - Bắc Từ Liêm,21.05,105.74,25322.7,7.82,15.85,20.33,11.66,14.19
2161306,Minh Khai - Bắc Từ Liêm,21.05,105.74,25044.3,7.84,19.64,24.55,9.71,16.26
2161306,Minh Khai - Bắc Từ Liêm,21.05,105.74,24673.8,7.75,13.77,26.39,13.07,14.22
2161306,Minh Khai - Bắc Từ Liêm,21.05,105.74,23560.7,7.4,13.44,24.86,13.64,22.05
2161306,Minh Khai - Bắc Từ Liêm,21.05,105.74,28790.0,6.88,20.56,21.73,11.32,35.27
2161306,Minh Khai - Bắc Từ Liêm,21.05,105.74,26266.7,6.94,5.57,,,41.91
2161306,Minh Khai - Bắc Từ Liêm,21.05,105.74,36253.5,7.05,12.49,,,37.26
2161306,Minh Khai - Bắc Từ Liêm,21.05,105.74,45955.6,7.56,17.51,0.0,,25.88
2161306,Minh Khai - Bắc Từ Liêm,21.05,105.74,42706.8,6.73,17.05,0.0,,29.41
2161306,Minh Khai - Bắc Từ Liêm,21.05,105.74,39283.7,7.43,17.37,0.24,,22.79
2161306,Minh Khai - Bắc Từ Liêm,21.05,105.74,34427.5,8.05,18.98,6.0,,10.19
2161306,Minh Khai - Bắc Từ Liêm,21.05,105.74,26333.0,7.69,12.15,6.89,,23.43
2161306,Minh Khai - Bắc Từ Liêm,21.05,105.74,22946.2,8.22,19.88,5.43,,16.94
2161306,Minh Khai - Bắc Từ Liêm,21.05,105.74,16464.0,8.24,5.54,4.54,,12.63
2161306,Minh Khai - Bắc Từ Liêm,21.05,105.74,12330.7,7.88,10.95,8.48,13.78,12.82
2161306,Minh Khai - Bắc Từ Liêm,21.05,105.74,9076.7,8.22,3.92,11.74,14.45,5.55
2161306,Minh Khai - Bắc Từ Liêm,21.05,105.74,10351.3,8.05,5.88,9.12,12.63,8.03
2161306,Minh Khai - Bắc Từ Liêm,21.05,105.74,8699.5,7.75,17.42,7.58,12.5,23.9
2161306,Minh Khai - Bắc Từ Liêm,21.05,105.74,7678.4,8.02,6.67,15.04,10.64,16.89
2161306,Minh Khai - Bắc Từ Liêm,21.05,105.74,4430.8,8.66,15.54,17.52,9.52,10.29
2161306,Minh Khai - Bắc Từ Liêm,21.05,105.74,3801.9,8.24,10.06,13.35,9.09,5.88
2161306,Minh Khai - Bắc Từ Liêm,21.05,105.74,4184.4,8.51,,9.39,8.48,0.74
2161306,Minh Khai - Bắc Từ Liêm,21.05,105.74,3894.2,8.56,,6.76,7.72,2.86
2161306,Minh Khai - Bắc Từ Liêm,21.05,105.74,4618.7,8.36,,5.11,6.74,7.97
2161306,Minh Khai - Bắc Từ Liêm,21.05,105.74,4870.9,8.83,,3.62,6.76,1.21
2161306,Minh Khai - Bắc Từ Liêm,21.05,105.74,4824.2,,,2.74,6.96,0.31
2161306,Minh Khai - Bắc Từ Liêm,21.05,105.74,3628.9,,,3.75,6.75,1.03
2161306,Minh Khai - Bắc Từ Liêm,21.05,105.74,,,,4.9,6.05,1.0
2161306,Minh Khai - Bắc Từ Liêm,21.05,105.74,,,,4.53,4.86,1.9
2161306,Minh Khai - Bắc Từ Liêm,21.05,105.74,,,,6.16,5.52,
2161306,Minh Khai - Bắc Từ Liêm,21.05,105.74,,,,5.25,5.69,
2161306,Minh Khai - Bắc Từ Liêm,21.05,105.74,,,,7.5,,
2161306,Minh Khai - Bắc Từ Liêm,21.05,105.74,,,,6.89,,
2161306,Minh Khai - Bắc Từ Liêm,21.05,105.74,,,,5.02,,
2161306,Minh Khai - Bắc Từ Liêm,21.05,105.74,,,,3.52,,
2161306,Minh Khai - Bắc Từ Liêm,21.05,105.74,,,,3.49,,
2161306,Minh Khai - Bắc Từ Liêm,21.05,105.74,,,,7.81,,
2161306,Minh Khai - Bắc Từ Liêm,21.05,105.74,,,,7.04,,
2161306,Minh Khai - Bắc Từ Liêm,21.05,105.74,,,,5.1,,
2161306,Minh Khai - Bắc Từ Liêm,21.05,105.74,,,,3.6,,
2161306,Minh Khai - Bắc Từ Liêm,21.05,105.74,,,,7.74,,
2161306,Minh Khai - Bắc Từ Liêm,21.05,105.74,,,,6.21,,
2161306,Minh Khai - Bắc Từ Liêm,21.05,105.74,,,,9.6,,
2161306,Minh Khai - Bắc Từ Liêm,21.05,105.74,,,,10.16,,
2161306,Minh Khai - Bắc Từ Liêm,21.05,105.74,,,,9.17,,
2161306,Minh Khai - Bắc Từ Liêm,21.05,105.74,,,,7.64,,
2161306,Minh Khai - Bắc Từ Liêm,21.05,105.74,,,,9.71,,
2161306,Minh Khai - Bắc Từ Liêm,21.05,105.74,,,,14.89,,
2161306,Minh Khai - Bắc Từ Liêm,21.05,105.74,,,,12.5,,
2161306,Minh Khai - Bắc Từ Liêm,21.05,105.74,,,,18.07,,
2161306,Minh Khai - Bắc Từ Liêm,21.05,105.74,,,,14.08,,
2161306,Minh Khai - Bắc Từ Liêm,21.05,105.74,,,,14.27,,
2161306,Minh Khai - Bắc Từ Liêm,21.05,105.74,,,,15.48,,
2161306,Minh Khai - Bắc Từ Liêm,21.05,105.74,,,,16.91,,
2161306,Minh Khai - Bắc Từ Liêm,21.05,105.74,,,,20.9,,
2161306,Minh Khai - Bắc Từ Liêm,21.05,105.74,,,,16.16,,
